;TR;FATOR;Vencimento dia 25;Moedas;Conversï¿½o;IGPM;TR;INPC;IPCA-E;SELIC;;;;;;;;;;;;;;;
01/07/1993;0,0000%;0,00000;;Cr$;1,00;;30,37%;;;;;;;;;;;;;;;;;;
01/08/1993;0,0000%;0,00000;;CR$;1000,00;;33,34%;;;;;;;;;;;;;;;;;;
01/09/1993;0,0000%;0,00051;;CR$;1,00;;34,62%;;;;;;;;;;;;;;;;;;
01/10/1993;0,0000%;0,00051;;CR$;1,00;;36,53%;;;;;;;;;;;;;;;;;;
01/11/1993;0,0000%;0,00051;;CR$;1,00;;36,16%;;;;;;;;;;;;;;;;;;
01/12/1993;0,0000%;0,00051;;CR$;1,00;;36,80%;;;;;;;;;;;;;;;;;;
01/01/1994;0,0000%;0,00051;;CR$;1,00;;41,44%;;;;;;;;;;;;;;;;;;
01/02/1994;0,0000%;0,00051;;CR$;1,00;;39,86%;;;;;;;;;;;;;;;;;;
01/03/1994;0,0000%;0,00051;;CR$;1,00;;41,85%;;;;;;;;;;;;;;;;;;
01/04/1994;0,0000%;0,00051;;CR$;1,00;;45,97%;;;;;;;;;;;;;;;;;;
01/05/1994;0,0000%;0,00051;;CR$;1,00;;46,44%;;;;;;;;;;;;;;;;;;
01/06/1994;0,0000%;0,00051;;CR$;1,00;;46,88%;;;;;;;;;;;;;;;;;;
01/07/1994;0,0000%;0,00051;;R$;2750,00;;5,03%;;;;;;;;;;;;;;;;;;
01/08/1994;0,0000%;1,39728;;R$;1,00;;2,13%;;;;;;;;;;;;;;;;;;
01/09/1994;0,0000%;1,39728;;R$;1,00;;2,44%;;;;;;;;;;;;;;;;;;
01/10/1994;0,0000%;1,39728;;R$;1,00;;2,56%;;;;;;;;;;;;;;;;;;
01/11/1994;0,0000%;1,39728;;R$;1,00;;2,92%;;;;;;;;;;;;;;;;;;
01/12/1994;0,0000%;1,39728;;R$;1,00;;2,87%;;;;;;;;;;;;;;;;;;
01/01/1995;0,0000%;1,39728;;R$;1,00;;2,10%;;;;;;;;;;;;;;;;;;
01/02/1995;0,0000%;1,39728;;R$;1,00;;1,85%;;;3,63%;;;;;;;;;;;;;;;
01/03/1995;0,0000%;1,39728;;R$;1,00;;2,30%;;;2,60%;;;;;;;;;;;;;;;
01/04/1995;0,0000%;1,39728;;R$;1,00;;3,47%;;;4,26%;;;;;;;;;;;;;;;
01/05/1995;0,0000%;1,39728;;R$;1,00;;3,25%;;;4,25%;;;;;;;;;;;;;;;
01/06/1995;0,0000%;1,39728;;R$;1,00;;2,89%;;;4,04%;;;;;;;;;;;;;;;
01/07/1995;0,0000%;1,39728;;R$;1,00;;2,99%;;;4,02%;;;;;;;;;;;;;;;
01/08/1995;0,0000%;1,39728;;R$;1,00;;2,60%;;;3,84%;;;;;;;;;;;;;;;
01/09/1995;0,0000%;1,39728;;R$;1,00;;1,94%;;;3,32%;;;;;;;;;;;;;;;
01/10/1995;0,0000%;1,39728;;R$;1,00;;1,65%;;;3,09%;;;;;;;;;;;;;;;
01/11/1995;0,0000%;1,39728;;R$;1,00;;1,44%;;;2,88%;;;;;;;;;;;;;;;
01/12/1995;0,0000%;1,39728;;R$;1,00;;1,34%;;;2,78%;;;;;;;;;;;;;;;
01/01/1996;0,0000%;1,39728;;R$;1,00;;1,25%;;;2,58%;;;;;;;;;;;;;;;
01/02/1996;0,0000%;1,39728;;R$;1,00;;0,96%;;;2,35%;;;;;;;;;;;;;;;
01/03/1996;0,0000%;1,39728;;R$;1,00;;0,81%;;;2,22%;;;;;;;;;;;;;;;
01/04/1996;0,0000%;1,39728;;R$;1,00;;0,65%;;;2,07%;;;;;;;;;;;;;;;
01/05/1996;0,0000%;1,39728;;R$;1,00;;0,58%;;;2,01%;;;;;;;;;;;;;;;
01/06/1996;0,0000%;1,39728;;R$;1,00;;0,6099%;;;1,98%;;;;;;;;;;;;;;;
01/07/1996;0,0000%;1,39728;;R$;1,00;;0,5851%;;;1,93%;;;;;;;;;;;;;;;
01/08/1996;0,0000%;1,39728;;R$;1,00;;0,6275%;;;1,97%;;;;;;;;;;;;;;;
01/09/1996;0,0000%;1,39728;;R$;1,00;;0,6620%;;;1,90%;;;;;;;;;;;;;;;
01/10/1996;0,0000%;1,39728;;R$;1,00;;0,7419%;;;1,86%;;;;;;;;;;;;;;;
01/11/1996;0,0000%;1,39728;;R$;1,00;;0,8146%;;;1,80%;;;;;;;;;;;;;;;
01/12/1996;0,0000%;1,39728;;R$;1,00;;0,8717%;;;1,80%;;;;;;;;;;;;;;;
01/01/1997;0,0000%;1,39728;;R$;1,00;;0,7440%;;;1,73%;;;;;;;;;;;;;;;
01/02/1997;0,0000%;1,39728;;R$;1,00;;0,6616%;;;1,67%;;;;;;;;;;;;;;;
01/03/1997;0,0000%;1,39728;;R$;1,00;;0,6316%;;;1,64%;;;;;;;;;;;;;;;
01/04/1997;0,0000%;1,39728;;R$;1,00;;0,6211%;;;1,66%;;;;;;;;;;;;;;;
01/05/1997;0,0000%;1,39728;;R$;1,00;;0,6354%;;;1,58%;;;;;;;;;;;;;;;
01/06/1997;0,0000%;1,39728;;R$;1,00;;0,6535%;;;1,61%;;;;;;;;;;;;;;;
01/07/1997;0,0000%;1,39728;;R$;1,00;;0,6580%;;;1,60%;;;;;;;;;;;;;;;
01/08/1997;0,0000%;1,39728;;R$;1,00;;0,6270%;;;1,59%;;;;;;;;;;;;;;;
01/09/1997;0,0000%;1,39728;;R$;1,00;;0,6474%;;;1,59%;;;;;;;;;;;;;;;
01/10/1997;0,0000%;1,39728;;R$;1,00;;0,6553%;;;1,67%;;;;;;;;;;;;;;;
01/11/1997;0,0000%;1,39728;;R$;1,00;;1,5334%;;;3,04%;;;;;;;;;;;;;;;
01/12/1997;0,0000%;1,39728;;R$;1,00;;1,3085%;;;2,97%;;;;;;;;;;;;;;;
01/01/1998;0,0000%;1,39728;;R$;1,00;;1,1459%;;;2,67%;;;;;;;;;;;;;;;
01/02/1998;0,0000%;1,39728;;R$;1,00;;0,4461%;;;2,13%;;;;;;;;;;;;;;;
01/03/1998;0,0000%;1,39728;;R$;1,00;;0,8995%;;;2,20%;;;;;;;;;;;;;;;
01/04/1998;0,0000%;1,39728;;R$;1,00;;0,4720%;;;1,71%;;;;;;;;;;;;;;;
01/05/1998;0,0000%;1,39728;;R$;1,00;;0,4543%;;;1,63%;;;;;;;;;;;;;;;
01/06/1998;0,0000%;1,39728;;R$;1,00;;0,4913%;;;1,60%;;;;;;;;;;;;;;;
01/07/1998;0,0000%;1,39728;;R$;1,00;;0,5503%;;;1,70%;;;;;;;;;;;;;;;
01/08/1998;0,0000%;1,39728;;R$;1,00;;0,3749%;;;1,48%;;;;;;;;;;;;;;;
01/09/1998;0,0000%;1,39728;;R$;1,00;;0,4512%;;;2,49%;;;;;;;;;;;;;;;
01/10/1998;0,0000%;1,39728;;R$;1,00;;0,8892%;;;2,94%;;;;;;;;;;;;;;;
01/11/1998;0,0000%;1,39728;;R$;1,00;;0,6136%;;;2,63%;;;;;;;;;;;;;;;
01/12/1998;0,0000%;1,39728;;R$;1,00;;0,7434%;;;2,40%;;;;;;;;;;;;;;;
01/01/1999;0,0000%;1,39728;;R$;1,00;;0,5163%;;;2,18%;;;;;;;;;;;;;;;
01/02/1999;0,0000%;1,39728;;R$;1,00;;0,8298%;;;2,38%;;;;;;;;;;;;;;;
01/03/1999;0,0000%;1,39728;;R$;1,00;;1,1614%;;;3,33%;;;;;;;;;;;;;;;
01/04/1999;0,0000%;1,39728;;R$;1,00;;0,6092%;;;2,35%;;;;;;;;;;;;;;;
01/05/1999;0,0000%;1,39728;;R$;1,00;;0,5761%;;;2,02%;;;;;;;;;;;;;;;
01/06/1999;0,0000%;1,39728;;R$;1,00;;0,3108%;;;1,67%;;;;;;;;;;;;;;;
01/07/1999;0,0000%;1,39728;;R$;1,00;;0,2933%;;;1,66%;;;;;;;;;;;;;;;
01/08/1999;0,0000%;1,39728;;R$;1,00;;0,2945%;;;1,57%;;;;;;;;;;;;;;;
01/09/1999;0,0000%;1,39728;;R$;1,00;;0,2715%;;;1,49%;;;;;;;;;;;;;;;
01/10/1999;0,0000%;1,39728;;R$;1,00;;0,2265%;;;1,38%;;;;;;;;;;;;;;;
01/11/1999;0,0000%;1,39728;;R$;1,00;;0,1998%;;;1,39%;;;;;;;;;;;;;;;
01/12/1999;0,0000%;1,39728;;R$;1,00;;0,2998%;;;1,60%;;;;;;;;;;;;;;;
01/01/2000;0,0000%;1,39728;;R$;1,00;;0,2149%;;;1,46%;;;;;;;;;;;;;;;
01/02/2000;0,0000%;1,39728;;R$;1,00;;0,2328%;;;1,45%;;;;;;;;;;;;;;;
01/03/2000;0,0000%;1,39728;;R$;1,00;;0,2242%;;;1,45%;;;;;;;;;;;;;;;
01/04/2000;0,0000%;1,39728;;R$;1,00;;0,1301%;;;1,30%;;;;;;;;;;;;;;;
01/05/2000;0,0000%;1,39728;;R$;1,00;;0,2492%;;;1,49%;;;;;;;;;;;;;;;
01/06/2000;0,0000%;1,39728;;R$;1,00;;0,2140%;;;1,39%;;;;;;;;;;;;;;;
01/07/2000;0,0000%;1,39728;;R$;1,00;;0,1547%;;;1,31%;;;;;;;;;;;;;;;
01/08/2000;0,0000%;1,39728;;R$;1,00;;0,2025%;;;1,41%;;;;;;;;;;;;;;;
01/09/2000;0,0000%;1,39728;;R$;1,00;;0,1038%;;;1,22%;;;;;;;;;;;;;;;
01/10/2000;0,0000%;1,39728;;R$;1,00;;0,1316%;;;1,29%;;;;;;;;;;;;;;;
01/11/2000;0,0000%;1,39728;;R$;1,00;;0,1197%;;;1,22%;;;;;;;;;;;;;;;
01/12/2000;0,0000%;1,39728;;R$;1,00;;0,0991%;;;1,20%;;;;;;;;;;;;;;;
01/01/2001;0,0000%;1,39728;;R$;1,00;;0,1369%;;;1,27%;;;;;;;;;;;;;;;
01/02/2001;0,0000%;1,39728;;R$;1,00;;0,0368%;;;1,02%;;;;;;;;;;;;;;;
01/03/2001;0,0000%;1,39728;;R$;1,00;;0,1724%;;;1,26%;;;;;;;;;;;;;;;
01/04/2001;0,0000%;1,39728;;R$;1,00;;0,1546%;;;1,19%;;;;;;;;;;;;;;;
01/05/2001;0,0000%;1,39728;;R$;1,00;;0,1827%;;;1,34%;;;;;;;;;;;;;;;
01/06/2001;0,0000%;1,39728;;R$;1,00;;0,1458%;;;1,27%;;;;;;;;;;;;;;;
01/07/2001;0,0000%;1,39728;;R$;1,00;;0,2441%;;;1,50%;;;;;;;;;;;;;;;
01/08/2001;0,0000%;1,39728;;R$;1,00;;0,3436%;;;1,60%;;;;;;;;;;;;;;;
01/09/2001;0,0000%;1,39728;;R$;1,00;;0,1627%;;;1,32%;;;;;;;;;;;;;;;
01/10/2001;0,0000%;1,39728;;R$;1,00;;0,2913%;;;1,53%;;;;;;;;;;;;;;;
01/11/2001;0,0000%;1,39728;;R$;1,00;;0,1928%;;;1,39%;;;;;;;;;;;;;;;
01/12/2001;0,0000%;1,39728;;R$;1,00;;0,1983%;;;1,39%;;;;;;;;;;;;;;;
01/01/2002;0,0000%;1,39728;;R$;1,00;;0,2591%;;;1,53%;;;;;;;;;;;;;;;
01/02/2002;0,0000%;1,39728;;R$;1,00;;0,1171%;;;1,25%;;;;;;;;;;;;;;;
01/03/2002;0,0000%;1,39728;;R$;1,00;;0,1758%;;;1,37%;;;;;;;;;;;;;;;
01/04/2002;0,0000%;1,39728;;R$;1,00;;0,2357%;;;1,48%;;;;;;;;;;;;;;;
01/05/2002;0,0000%;1,39728;;R$;1,00;;0,2102%;;;1,41%;;;;;;;;;;;;;;;
01/06/2002;0,0000%;1,39728;;R$;1,00;;0,1582%;;;1,33%;;;;;;;;;;;;;;;
01/07/2002;0,0000%;1,39728;;R$;1,00;;0,2656%;;;1,54%;;;;;;;;;;;;;;;
01/08/2002;0,0000%;1,39728;;R$;1,00;;0,2481%;;;1,44%;;;;;;;;;;;;;;;
01/09/2002;0,0000%;1,39728;;R$;1,00;;0,1955%;;;1,38%;;;;;;;;;;;;;;;
01/10/2002;0,0000%;1,39728;;R$;1,00;;0,2768%;;;1,65%;;;;;;;;;;;;;;;
01/11/2002;0,0000%;1,39728;;R$;1,00;;0,2644%;;;1,54%;;;;;;;;;;;;;;;
01/12/2002;0,0000%;1,39728;;R$;1,00;;0,3609%;;;1,74%;;;;;;;;;;;;;;;
01/01/2003;0,0000%;1,39728;;R$;1,00;;0,4878%;;;1,97%;;;;;;;;;;;;;;;
01/02/2003;0,0000%;1,39728;;R$;1,00;;0,4116%;;;1,83%;;;;;;;;;;;;;;;
01/03/2003;0,0000%;1,39728;;R$;1,00;;0,3782%;;;1,78%;;;;;;;;;;;;;;;
01/04/2003;0,0000%;1,39728;;R$;1,00;;0,4184%;;;1,87%;;;;;;;;;;;;;;;
01/05/2003;0,0000%;1,39728;;R$;1,00;;0,4650%;;;1,97%;;;;;;;;;;;;;;;
01/06/2003;0,0000%;1,39728;;R$;1,00;;0,4166%;;;1,86%;;;;;;;;;;;;;;;
01/07/2003;0,0000%;1,39728;;R$;1,00;;0,5465%;;;2,08%;;;;;;;;;;;;;;;
01/08/2003;0,0000%;1,39728;;R$;1,00;;0,4038%;;;1,77%;;;;;;;;;;;;;;;
01/09/2003;0,0000%;1,39728;;R$;1,00;;0,3364%;;;1,68%;;;;;;;;;;;;;;;
01/10/2003;0,0000%;1,39728;;R$;1,00;;0,3213%;;;1,64%;;;;;;;;;;;;;;;
01/11/2003;0,0000%;1,39728;;R$;1,00;;0,1776%;;;1,34%;;;;;;;;;;;;;;;
01/12/2003;0,0000%;1,39728;;R$;1,00;;0,1899%;;;1,37%;;;;;;;;;;;;;;;
01/01/2004;0,0000%;1,39728;;R$;1,00;;0,1280%;;;1,27%;;;;;;;;;;;;;;;
01/02/2004;0,0000%;1,39728;;R$;1,00;;0,0458%;;;1,08%;;;;;;;;;;;;;;;
01/03/2004;0,0000%;1,39728;;R$;1,00;;0,1778%;;;1,38%;;;;;;;;;;;;;;;
01/04/2004;0,0000%;1,39728;;R$;1,00;;0,0874%;;;1,18%;;;;;;;;;;;;;;;
01/05/2004;0,0000%;1,39728;;R$;1,00;;0,1546%;;;1,23%;;;;;;;;;;;;;;;
01/06/2004;0,0000%;1,39728;;R$;1,00;;0,1761%;;;1,23%;;;;;;;;;;;;;;;
01/07/2004;1,3100%;1,39728;;R$;1,00;1,31%;0,1952%;;;1,29%;;;;;;;;;;;;;;;
01/08/2004;1,2200%;1,37921;;R$;1,00;1,22%;0,2005%;;;1,29%;;;;;;;;;;;;;;;
01/09/2004;0,6900%;1,36259;;R$;1,00;0,69%;0,1728%;;;1,25%;;;;;;;;;;;;;;;
01/10/2004;0,3900%;1,35325;;R$;1,00;0,39%;0,1108%;;;1,21%;;;;;;;;;;;;;;;
01/11/2004;0,8200%;1,34799;;R$;1,00;0,82%;0,1146%;;;1,25%;;;;;;;;;;;;;;;
01/12/2004;0,7400%;1,33703;;R$;1,00;0,74%;0,2400%;;;1,48%;;;;;;;;;;;;;;;
01/01/2005;0,3900%;1,32721;;R$;1,00;0,39%;0,1880%;;;1,38%;;;;;;;;;;;;;;;
01/02/2005;0,3000%;1,32205;;R$;1,00;0,30%;0,0962%;;;1,22%;;;;;;;;;;;;;;;
01/03/2005;0,8500%;1,31810;;R$;1,00;0,85%;0,2635%;;;1,53%;;;;;;;;;;;;;;;
01/04/2005;0,8600%;1,30699;;R$;1,00;0,86%;0,2003%;;;1,41%;;;;;;;;;;;;;;;
01/05/2005;-0,2200%;1,29584;;R$;1,00;-0,22%;0,2527%;;;1,50%;;;;;;;;;;;;;;;
01/06/2005;-0,4400%;1,29870;;R$;1,00;-0,44%;0,2993%;;;1,59%;;;;;;;;;;;;;;;
01/07/2005;-0,3400%;1,30444;;R$;1,00;-0,34%;0,2575%;;;1,51%;;;;;;;;;;;;;;;
01/08/2005;-0,6500%;1,30889;;R$;1,00;-0,65%;0,3466%;;;1,66%;;;;;;;;;;;;;;;
01/09/2005;-0,5300%;1,31745;;R$;1,00;-0,53%;0,2637%;;;1,50%;;;;;;;;;;;;;;;
01/10/2005;0,6000%;1,32447;;R$;1,00;0,60%;0,2100%;;;1,41%;;;;;;;;;;;;;;;
01/11/2005;0,4000%;1,31657;;R$;1,00;0,40%;0,1929%;;;1,38%;;;;;;;;;;;;;;;
01/12/2005;-0,0100%;1,31133;;R$;1,00;-0,01%;0,2269%;;;1,47%;;;;;;;;;;;;;;;
01/01/2006;0,9200%;1,31146;;R$;1,00;0,92%;0,2326%;;;1,43%;;;;;;;;;;;;;;;
01/02/2006;0,0100%;1,29950;;R$;1,00;0,01%;0,0725%;;;1,15%;;;;;;;;;;;;;;;
01/03/2006;-0,2300%;1,29937;;R$;1,00;-0,23%;0,2073%;;;1,42%;;;;;;;;;;;;;;;
01/04/2006;-0,4200%;1,30237;;R$;1,00;-0,42%;0,0855%;;;1,08%;;;;;;;;;;;;;;;
01/05/2006;0,3800%;1,30786;;R$;1,00;0,38%;0,1888%;;;1,28%;;;;;;;;;;;;;;;
01/06/2006;0,7500%;1,30291;;R$;1,00;0,75%;0,1937%;;;1,18%;;;;;;;;;;;;;;;
01/07/2006;0,1800%;1,29321;;R$;1,00;0,18%;0,1751%;;;1,17%;;;;;;;;;;;;;;;
01/08/2006;0,3700%;1,29089;;R$;1,00;0,37%;0,2436%;;;1,26%;;;;;;;;;;;;;;;
01/09/2006;0,2900%;1,28613;;R$;1,00;0,29%;0,1521%;;;1,06%;;;;;;;;;;;;;;;
01/10/2006;0,4700%;1,28241;;R$;1,00;0,47%;0,1875%;;;1,09%;;;;;;;;;;;;;;;
01/11/2006;0,7500%;1,27641;;R$;1,00;0,75%;0,1282%;;;1,02%;;;;;;;;;;;;;;;
01/12/2006;0,3200%;1,26691;;R$;1,00;0,32%;0,1522%;;;0,99%;;;;;;;;;;;;;;;
01/01/2007;0,5000%;1,26287;1,07148;R$;1,00;0,50%;0,2189%;;;1,08%;;;;;;;;;;;;;;;
01/02/2007;0,2700%;1,25659;1,06976;R$;1,00;0,27%;0,0721%;;;0,87%;;;;;;;;;;;;;;;
01/03/2007;0,3400%;1,25320;1,06883;R$;1,00;0,34%;0,1876%;;;1,05%;;;;;;;;;;;;;;;
01/04/2007;0,0400%;1,24896;1,06766;R$;1,00;0,04%;0,1272%;;;0,94%;;;;;;;;;;;;;;;
01/05/2007;0,0400%;1,24846;1,06752;R$;1,00;0,04%;0,1689%;;;1,03%;;;;;;;;;;;;;;;
01/06/2007;0,2600%;1,24796;1,06738;R$;1,00;0,26%;0,0954%;;;0,91%;;;;;;;;;;;;;;;
01/07/2007;0,2800%;1,24472;1,06648;R$;1,00;0,28%;0,1469%;;;0,97%;;;;;;;;;;;;;;;
01/08/2007;0,9800%;1,24125;1,06552;R$;1,00;0,98%;0,1466%;;;0,99%;;;;;;;;;;;;;;;
01/09/2007;1,2900%;1,22920;1,06215;R$;1,00;1,29%;0,0352%;;;0,80%;;;;;;;;;;;;;;;
01/10/2007;1,0500%;1,21355;1,05773;R$;1,00;1,05%;0,1142%;;;0,93%;;;;;;;;;;;;;;;
01/11/2007;0,6900%;1,20094;1,05413;R$;1,00;0,69%;0,0590%;;;0,84%;;;;;;;;;;;;;;;
01/12/2007;1,7600%;1,19271;1,05177;R$;1,00;1,76%;0,0640%;;;0,84%;;;;;;;;;;;;;;;
01/01/2008;1,0900%;1,17208;1,04577;R$;1,00;1,09%;0,1010%;;;0,93%;;;;;;;;;;;;;;;
01/02/2008;0,5300%;1,15944;1,04206;R$;1,00;0,53%;0,0243%;;;0,80%;;;;;;;;;;;;;;;
01/03/2008;0,7400%;1,15333;1,04026;R$;1,00;0,74%;0,0409%;;;0,84%;;;;;;;;;;;;;;;
01/04/2008;0,6900%;1,14485;1,03775;R$;1,00;0,69%;0,0955%;;;0,90%;;;;;;;;;;;;;;;
01/05/2008;1,6100%;1,13701;1,03541;R$;1,00;1,61%;0,0736%;;;0,88%;;;;;;;;;;;;;;;
01/06/2008;1,9800%;1,11899;1,02996;R$;1,00;1,98%;0,1146%;;;0,96%;;;;;;;;;;;;;;;
01/07/2008;1,7600%;1,09727;1,02328;R$;1,00;1,76%;0,1914%;;;1,07%;;;;;;;;;;;;;;;
01/08/2008;-0,3200%;1,07829;1,01737;R$;1,00;-0,32%;0,1574%;;;1,02%;;;;;;;;;;;;;;;
01/09/2008;0,1100%;1,08175;1,01844;R$;1,00;0,11%;0,1970%;;;1,10%;;;;;;;;;;;;;;;
01/10/2008;0,9800%;1,08056;1,01807;R$;1,00;0,98%;0,2506%;;;1,18%;;;;;;;;;;;;;;;
01/11/2008;0,3800%;1,07008;1,01478;R$;1,00;0,38%;0,1618%;;;1,02%;;;;;;;;;;;;;;;
01/12/2008;-0,1300%;1,06603;1,01351;R$;1,00;-0,13%;0,2149%;;;1,12%;;;;;;;;;;;;;;;
01/01/2009;-0,4400%;1,06741;1,01394;R$;1,00;-0,44%;0,1840%;;;1,05%;;;;;;;;;;;;;;;
01/02/2009;0,2600%;1,07213;1,01542;R$;1,00;0,26%;0,0451%;;;0,86%;;;;;;;;;;;;;;;
01/03/2009;-0,7400%;1,06935;1,01455;R$;1,00;-0,74%;0,1438%;;;0,97%;;;;;;;;;;;;;;;
01/04/2009;-0,1500%;1,07732;1,01704;R$;1,00;-0,15%;0,0454%;;;0,84%;;;;;;;;;;;;;;;
01/05/2009;-0,0700%;1,07894;1,01754;R$;1,00;-0,07%;0,0449%;;;0,77%;;;;;;;;;;;;;;;
01/06/2009;-0,1000%;1,07970;1,01778;R$;1,00;-0,10%;0,0656%;;;0,76%;;;;;;;;;;;;;;;
01/07/2009;0,1051%;1,08078;1,01811;R$;1,00;-0,43%;0,1051%;;;0,79%;;;;;;;;;;;;;;;
01/08/2009;0,0197%;1,07964;1,01776;R$;1,00;-0,36%;0,0197%;;;0,69%;;;;;;;;;;;;;;;
01/09/2009;0,0000%;1,07943;1,01769;R$;1,00;0,42%;0,0000%;;0,19%;0,69%;;;;;;;;;;;;;;;
01/10/2009;0,0000%;1,07943;1,01769;R$;1,00;0,05%;0,0000%;;0,18%;0,69%;;;;;;;;;;;;;;;
01/11/2009;0,0000%;1,07943;1,01769;R$;1,00;0,10%;0,0000%;;0,44%;0,66%;;;;;;;;;;;;;;;
01/12/2009;0,0533%;1,07943;1,01769;R$;1,00;-0,26%;0,0533%;;0,38%;0,73%;;;;;;;;;;;;;;;
01/01/2010;0,0000%;1,07885;1,01751;R$;1,00;0,63%;0,0000%;;0,52%;0,66%;;;;;;;;;;;;;;;
01/02/2010;0,0000%;1,07885;1,01751;R$;1,00;1,18%;0,0000%;;0,94%;0,59%;;;;;;;;;;;;;;;
01/03/2010;0,0792%;1,07885;1,01751;R$;1,00;0,94%;0,0792%;;0,55%;0,76%;;;;;;;;;;;;;;;
01/04/2010;0,0000%;1,07800;1,01725;R$;1,00;0,77%;0,0000%;;0,48%;0,67%;;;;;;;;;;;;;;;
01/05/2010;0,0510%;1,07800;1,01725;R$;1,00;1,19%;0,0510%;;0,63%;0,75%;;;;;;;;;;;;;;;
01/06/2010;0,0589%;1,07745;1,01707;R$;1,00;0,85%;0,0589%;;0,19%;0,79%;;;;;;;;;;;;;;;
01/07/2010;0,1151%;1,07682;1,01688;R$;1,00;0,15%;0,1151%;;-0,09%;0,86%;;;;;;;;;;;;;;;
01/08/2010;0,0909%;1,07558;1,01649;R$;1,00;0,77%;0,0909%;;-0,05%;0,89%;;;;;;;;;;;;;;;
01/09/2010;0,0702%;1,07460;1,01618;R$;1,00;1,15%;0,0702%;;0,31%;0,85%;;;;;;;;;;;;;;;
01/10/2010;0,0472%;1,07385;1,01595;R$;1,00;1,01%;0,0472%;;0,62%;0,81%;;;;;;;;;;;;;;;
01/11/2010;0,0336%;1,07334;1,01579;R$;1,00;1,45%;0,0336%;;0,86%;0,81%;;;;;;;;;;;;;;;
01/12/2010;0,1406%;1,07298;1,01568;R$;1,00;0,69%;0,1406%;;0,69%;0,93%;;;;;;;;;;;;;;;
01/01/2011;0,0715%;1,07147;1,01521;R$;1,00;0,79%;0,0715%;;0,76%;0,86%;;;;;;;;;;;;;;;
01/02/2011;0,0524%;1,07071;1,01496;R$;1,00;1,00%;0,0524%;;0,97%;0,84%;;;;;;;;;;;;;;;
01/03/2011;0,1212%;1,07015;1,01479;R$;1,00;0,62%;0,1212%;;0,60%;0,92%;;;;;;;;;;;;;;;
01/04/2011;0,0369%;1,06885;1,01438;R$;1,00;0,45%;0,0369%;;0,77%;0,84%;;;;;;;;;;;;;;;
01/05/2011;0,1570%;1,06846;1,01426;R$;1,00;0,43%;0,1570%;;0,70%;0,99%;;;;;;;;;;;;;;;
01/06/2011;0,1114%;1,06678;1,01373;R$;1,00;-0,18%;0,1114%;;0,23%;0,96%;;;;;;;;;;;;;;;
01/07/2011;0,1229%;1,06560;1,01336;R$;1,00;-0,12%;0,1229%;;0,10%;0,97%;;;;;;;;;;;;;;;
01/08/2011;0,2076%;1,06429;1,01295;R$;1,00;0,44%;0,2076%;;0,27%;1,07%;;;;;;;;;;;;;;;
01/09/2011;0,1003%;1,06208;1,01225;R$;1,00;0,65%;0,1003%;;0,53%;0,94%;;;;;;;;;;;;;;;
01/10/2011;0,0620%;1,06102;1,01191;R$;1,00;0,53%;0,0620%;;0,42%;0,88%;;;;;;;;;;;;;;;
01/11/2011;0,0645%;1,06036;1,01170;R$;1,00;0,50%;0,0645%;;0,46%;0,86%;;;;;;;;;;;;;;;
01/12/2011;0,0937%;1,05968;1,01149;R$;1,00;-0,12%;0,0937%;;0,56%;0,91%;;;;;;;;;;;;;;;
01/01/2012;0,0864%;1,05869;1,01117;R$;1,00;0,25%;0,0864%;;0,65%;0,89%;;;;;;;;;;;;;;;
01/02/2012;0,0000%;1,05777;1,01088;R$;1,00;-0,06%;0,0000%;;0,53%;0,75%;;;;;;;;;;;;;;;
01/03/2012;0,1068%;1,05777;1,01088;R$;1,00;0,43%;0,1068%;;0,25%;0,82%;;;;;;;;;;;;;;;
01/04/2012;0,0227%;1,05664;1,01053;R$;1,00;0,85%;0,0227%;;0,43%;0,71%;;;;;;;;;;;;;;;
01/05/2012;0,0468%;1,05640;1,01045;R$;1,00;1,02%;0,0468%;;0,51%;0,74%;;;;;;;;;;;;;;;
01/06/2012;0,0000%;1,05591;1,01029;R$;1,00;0,66%;0,0000%;;0,18%;0,64%;;;;;;;;;;;;;;;
01/07/2012;0,0144%;1,05591;1,01029;R$;1,00;1,34%;0,0144%;;0,33%;0,68%;;;;;;;;;;;;;;;
01/08/2012;0,0123%;1,05576;1,01025;R$;1,00;1,43%;0,0123%;;0,39%;0,69%;;;;;;;;;;;;;;;
01/09/2012;0,0000%;1,05563;1,01020;R$;1,00;0,97%;0,0000%;;0,48%;0,54%;;;;;;;;;;;;;;;
01/10/2012;0,0000%;1,05563;1,01020;R$;1,00;0,02%;0,0000%;;0,65%;0,61%;;;;;;;;;;;;;;;
01/11/2012;0,0000%;1,05563;1,01020;R$;1,00;-0,03%;0,0000%;;0,54%;0,55%;;;;;;;;;;;;;;;
01/12/2012;0,0000%;1,05563;1,01020;R$;1,00;0,68%;0,0000%;;0,69%;0,55%;;;;;;;;;;;;;;;
01/01/2013;0,0000%;1,05563;1,01020;R$;1,00;0,34%;0,0000%;;0,88%;0,60%;;;;;;;;;;;;;;;
01/02/2013;0,0000%;1,05563;1,01020;R$;1,00;0,29%;0,0000%;;0,68%;0,49%;;;;;;;;;;;;;;;
01/03/2013;0,0000%;1,05563;1,01020;R$;1,00;0,21%;0,0000%;;0,49%;0,55%;;;;;;;;;;;;;;;
01/04/2013;0,0000%;1,05563;1,01020;R$;1,00;0,15%;0,0000%;;0,51%;0,61%;;;;;;;;;;;;;;;
01/05/2013;0,0000%;1,05563;1,01020;R$;1,00;0,00%;0,0000%;;0,46%;0,60%;;;;;;;;;;;;;;;
01/06/2013;0,0000%;1,05563;1,01020;R$;1,00;0,75%;0,0000%;;0,38%;0,61%;;;;;;;;;;;;;;;
01/07/2013;0,0209%;1,05563;1,01020;R$;1,00;0,26%;0,0209%;;0,07%;0,72%;;;;;;;;;;;;;;;
01/08/2013;0,0000%;1,05541;1,01013;R$;1,00;0,15%;0,0000%;;0,16%;0,71%;;;;;;;;;;;;;;;
01/09/2013;0,0079%;1,05541;1,01013;R$;1,00;1,50%;0,0079%;;0,27%;0,71%;;;;;;;;;;;;;;;
01/10/2013;0,0920%;1,05532;1,01011;R$;1,00;0,86%;0,0920%;;0,48%;0,81%;;;;;;;;;;;;;;;
01/11/2013;0,0207%;1,05435;1,00980;R$;1,00;0,29%;0,0207%;;0,57%;0,72%;;;;;;;;;;;;;;;
01/12/2013;0,0494%;1,05414;1,00973;R$;1,00;0,60%;0,0494%;;0,75%;0,79%;;;;;;;;;;;;;;;
01/01/2014;0,1126%;1,05362;1,00957;R$;1,00;0,48%;0,1126%;;0,67%;0,85%;;;;;;;;;;;;;;;
01/02/2014;0,0537%;1,05243;1,00919;R$;1,00;0,38%;0,0537%;;0,70%;0,79%;;;;;;;;;;;;;;;
01/03/2014;0,0266%;1,05187;1,00901;R$;1,00;1,67%;0,0266%;;0,73%;0,77%;;;;;;;;;;;;;;;
01/04/2014;0,0459%;1,05159;1,00892;R$;1,00;0,78%;0,0459%;;0,78%;0,82%;;;;;;;;;;;;;;;
01/05/2014;0,0604%;1,05110;1,00877;R$;1,00;-0,13%;0,0604%;;0,58%;0,87%;;;;;;;;;;;;;;;
01/06/2014;0,0465%;1,05047;1,00856;R$;1,00;-0,74%;0,0465%;;0,47%;0,82%;;;;;;;;;;;;;;;
01/07/2014;0,1054%;1,04998;1,00841;R$;1,00;-0,61%;0,1054%;;0,17%;0,95%;;;;;;;;;;;;;;;
01/08/2014;0,0602%;1,04888;1,00805;R$;1,00;-0,27%;0,0602%;;0,14%;0,87%;;;;;;;;;;;;;;;
01/09/2014;0,0873%;1,04824;1,00785;R$;1,00;0,20%;0,0873%;;0,23%;0,91%;;;;;;;;;;;;;;;
01/10/2014;0,1038%;1,04733;1,00756;R$;1,00;0,28%;0,1038%;;0,48%;0,95%;;;;;;;;;;;;;;;
01/11/2014;0,0483%;1,04624;1,00721;R$;1,00;0,98%;0,0483%;;0,38%;0,84%;;;;;;;;;;;;;;;
01/12/2014;0,1053%;1,04574;1,00705;R$;1,00;0,62%;0,1053%;;0,79%;0,96%;;;;;;;;;;;;;;;
01/01/2015;0,0878%;1,04464;1,00670;R$;1,00;0,76%;0,0878%;;0,89%;0,94%;;;;;;;;;;;;;;;
01/02/2015;0,0168%;1,04372;1,00641;R$;1,00;0,27%;0,0168%;;1,33%;0,82%;;;;;;;;;;;;;;;
01/03/2015;0,1296%;1,04355;1,00635;R$;1,00;0,98%;0,1296%;;1,24%;1,04%;;;;;;;;;;;;;;;
01/04/2015;0,1074%;1,04220;1,00592;R$;1,00;1,17%;0,1074%;;1,07%;0,95%;;;;;;;;;;;;;;;
01/05/2015;0,1153%;1,04108;1,00556;R$;1,00;0,41%;0,1153%;;0,60%;0,99%;;;;;;;;;;;;;;;
01/06/2015;0,1813%;1,03988;1,00517;R$;1,00;0,67%;0,1813%;;0,99%;1,07%;;;;;;;;;;;;;;;
01/07/2015;0,2305%;1,03800;1,00457;R$;1,00;0,69%;0,2305%;;0,59%;1,18%;;;;;;;;;;;;;;;
01/08/2015;0,1867%;1,03561;1,00380;R$;1,00;0,28%;0,1867%;;0,43%;1,11%;;;;;;;;;;;;;;;
01/09/2015;0,1920%;1,03368;1,00317;R$;1,00;0,95%;0,1920%;;0,39%;1,11%;;;;;;;;;;;;;;;
01/10/2015;0,1790%;1,03170;1,00253;R$;1,00;1,89%;0,1790%;;0,66%;1,11%;;;;;;;;;;;;;;;
01/11/2015;0,1297%;1,02986;1,00194;R$;1,00;1,52%;0,1297%;;0,85%;1,06%;;;;;;;;;;;;;;;
01/12/2015;0,2250%;1,02852;1,00150;R$;1,00;0,49%;0,2250%;;1,18%;1,16%;;;;;;;;;;;;;;;
01/01/2016;0,1320%;1,02621;1,00075;R$;1,00;1,14%;0,1320%;;0,92%;1,06%;;;;;;;;;;;;;;;
01/02/2016;0,0957%;1,02486;1,00031;R$;1,00;1,29%;0,0957%;;1,42%;1,00%;;;;;;;;;;;;;;;
01/03/2016;0,2168%;1,02388;0,99999;R$;1,00;0,51%;0,2168%;;0,43%;1,16%;;;;;;;;;;;;;;;
01/04/2016;0,1304%;1,02167;0,99927;R$;1,00;0,33%;0,1304%;;0,51%;1,06%;;;;;;;;;;;;;;;
01/05/2016;0,1533%;1,02034;0,99884;R$;1,00;0,82%;0,1533%;;0,86%;1,11%;;;;;;;;;;;;;;;
01/06/2016;0,2043%;1,01877;0,99833;R$;1,00;1,69%;0,2043%;;0,40%;1,16%;;;;;;;;;;;;;;;
01/07/2016;0,1621%;1,01670;0,99765;R$;1,00;0,18%;0,1621%;;0,54%;1,11%;;;;;;;;;;;;;;;
01/08/2016;0,2545%;1,01505;0,99711;R$;1,00;0,15%;0,2545%;;0,45%;1,22%;;;;;;;;;;;;;;;
01/09/2016;0,1575%;1,01247;0,99626;R$;1,00;0,20%;0,1575%;;0,23%;1,11%;;;;;;;;;;;;;;;
01/10/2016;0,1601%;1,01088;0,99574;R$;1,00;0,16%;0,1601%;;0,19%;1,05%;;;;;;;;;;;;;;;
01/11/2016;0,1428%;1,00927;0,99520;R$;1,00;-0,03%;0,1428%;;0,26%;1,04%;;;;;;;;;;;;;;;
01/12/2016;0,1849%;1,00783;0,99473;R$;1,00;0,54%;0,1849%;;0,19%;1,12%;;;;;;;;;;;;;;;
01/01/2017;0,1700%;1,00597;0,99294;;1,00;0,64%;0,1700%;;0,31%;1,09%;;;;;;;;;;;;;;;
01/02/2017;0,0302%;1,00426;0,99081;;1,00;0,08%;0,0302%;;0,54%;0,87%;;;;;;;;;;;;;;;
01/03/2017;0,1519%;1,00396;0,99055;;1,00;0,01%;0,1519%;;0,15%;1,05%;;;;;;;;;;;;;;;
01/04/2017;0,0000%;1,00243;0,99051;;1,00;-1,10%;0,0000%;;0,21%;0,79%;;;;;;;;;;;;;;;
01/05/2017;0,0764%;1,00243;0,99417;;1,00;-0,93%;0,0764%;;0,24%;0,93%;;;;;;;;;;;;;;;
01/06/2017;0,0536%;1,00167;0,99727;;1,00;-0,67%;0,0536%;;0,16%;0,81%;;;;;;;;;;;;;;;
01/07/2017;0,0623%;1,00113;0,99950;;1,00;-0,72%;0,0623%;;-0,18%;0,80%;;;;;;;;;;;;;;;
01/08/2017;0,0509%;1,00051;1,00190;;1,00;0,10%;0,0509%;;0,35%;0,80%;;;;;;;;;;;;;;;
01/09/2017;0,0000%;1,00000;1,00157;;1,00;0,47%;0,0000%;;0,11%;0,64%;;;;;;;;;;;;;;;
01/10/2017;0,0000%;1,00000;1,000000;;1,00;0,20%;0,0000%;;;;;;;;;;;;;;;;;;
01/11/2017;0,0000%;1,00000;;;1,00;0,52%;0,0000%;;;;;;;;;;;;;;;;;;
01/12/2017;0,0000%;1,00000;;;1,00;0,89%;0,0000%;;;;;;;;;;;;;;;;;;
01/01/2018;0,0000%;1,00000;;;1,00;0,76%;0,0000%;;;;;;;;;;;;;;;;;;
01/02/2018;0,0000%;1,00000;;;1,00;0,07%;0,0000%;;;;;;;;;;;;;;;;;;
01/03/2018;0,0000%;1,00000;;;1,00;0,64%;0,0000%;;;;;;;;;;;;;;;;;;
01/04/2018;;1,000000;;;;;;;;;;;;;;;;;;;;;;;