seg;08/10/2012;;16:16;21:47;22:42;1:51;;;
ter;09/10/2012;;16:11;21:50;22:42;1:30;;;
qua;10/10/2012;;16:10;21:47;22:42;1:30;;;
qui;11/10/2012;;16:10;21:48;22:42;1:36;;;
Feriado;12/10/2012;;;;;;;;
sáb;13/10/2012;;;;;;;;
dom;14/10/2012;;;;;;;;
seg;15/10/2012;;16:11;21:49;22:43;2:17;;;
ter;16/10/2012;;16:11;21:46;22:41;2:05;;;
qua;17/10/2012;;16:12;21:55;22:50;2:00;;;
qui;18/10/2012;;16:11;21:47;22:42;2:02;;;
sex;19/10/2012;;16:12;21:46;22:45;2:10;;;
sáb;20/10/2012;;;;;;;;
SOMA;;;;;;;;;
dom;21/10/2012;;;;;;;;
seg;22/10/2012;;16:10;21:51;22:45;01:55;;;
ter;23/10/2012;;16:10;21:48;22:44;01:30;;;
qua;24/10/2012;;17:36;21:47;22:42;01:41;;;
qui;25/10/2012;;16:12;21:47;22:42;02:06;;;
sex;26/10/2012;;16:12;21:43;22:37;01:30;;;
sáb;27/10/2012;;;;;;;;
dom;28/10/2012;;;;;;;;
seg;29/10/2012;;16:10;21:48;22:43;02:12;;;
ter;30/10/2012;;16:14;21:48;22:41;02:00;;;
qua;31/10/2012;;16:15;21:45;22:45;03:20;;;
qui;01/11/2012;;16:11;21:47;22:41;01:54;;;
sex;02/11/2012;;;;;;;;
sáb;03/11/2012;;;;;;;;
dom;04/11/2012;;;;;;;;
seg;05/11/2012;;16:10;21:47;22:42;02:30;;;
ter;06/11/2012;;16:11;21:46;22:41;02:23;;;
qua;07/11/2012;;16:11;21:47;22:42;02:06;;;
qui;08/11/2012;;16:11;21:46;22:41;02:12;;;
sex;09/11/2012;;16:10;21:47;22:41;01:45;;;
sáb;10/11/2012;;;;;;;;
dom;11/11/2012;;;;;;;;
seg;12/11/2012;;16:11;21:51;22:47;02:20;;;
ter;13/11/2012;;16:11;21:46;22:41;02:30;;;
qua;14/11/2012;;16:11;21:47;22:43;02:00;;;
qui;15/11/2012;;16:11;21:46;22:41;02:20;;;
sex;16/11/2012;;16:14;21:46;22:43;02:03;;;
sáb;17/11/2012;;;;;;;;
dom;18/11/2012;;;;;;;;
seg;19/11/2012;;16:11;21:46;22:43;02:30;;;
ter;20/11/2012;;16:11;21:47;22:42;01:42;;;
SOMA;;;;;;;;;
qua;21/11/2012;;16:11;21:46;22:41;01:40;;;
qui;22/11/2012;;16:13;21:46;22:43;02:20;;;
sex;23/11/2012;;16:11;21:46;22:44;02:50;;;
sáb;24/11/2012;;;;;;;;
dom;25/11/2012;;;;;;;;
seg;26/11/2012;;16:13;21:46;22:41;02:42;;;
ter;27/11/2012;;16:12;21:51;22:46;01:50;;;
qua;28/11/2012;;16:15;21:46;22:41;02:18;;;
qui;29/11/2012;;16:13;21:47;22:43;02:03;;;
sex;30/11/2012;;16:13;20:36;21:31;01:31;;;
sáb;01/12/2012;;;;;;;;
dom;02/12/2012;;;;;;;;
seg;03/12/2012;;16:12;21:44;22:40;02:41;;;
ter;04/12/2012;;16:12;21:45;22:40;01:38;;;
qua;05/12/2012;;16:13;21:40;22:39;02:01;;;
qui;06/12/2012;;16:12;21:50;22:43;02:20;;;
sex;07/12/2012;;16:13;21:46;22:42;01:31;;;
sáb;08/12/2012;;;;;;;;
dom;09/12/2012;;;;;;;;
seg;10/12/2012;;16:10;21:45;22:45;02:15;;;
ter;11/12/2012;;16:13;21:41;22:35;02:24;;;
qua;12/12/2012;;16:14;21:45;22:42;01:45;;;
qui;13/12/2012;;16:12;21:47;22:42;01:30;;;
sex;14/12/2012;;16:11;21:44;22:43;01:30;;;
sáb;15/12/2012;;;;;;;;
dom;16/12/2012;;;;;;;;
seg;17/12/2012;;16:11;21:43;22:42;01:41;;;
ter;18/12/2012;;18:51;21:47;22:45;02:20;;;
qua;19/12/2012;;16:16;21:48;22:43;02:35;;;
qui;20/12/2012;;;;;;;;
SOMA;;;;;;;;;
sex;21/12/2012;;16:18;21:39;22:35;02:02;;;
sáb;22/12/2012;;;;;;;;
dom;23/12/2012;;;;;;;;
seg;24/12/2012;;;;;;;;
ter;25/12/2012;;;;;;;;
qua;26/12/2012;;16:10;21:48;22:43;02:10;;;
qui;27/12/2012;;16:11;21:21;22:17;03:35;;;
sex;28/12/2012;;16:13;21:38;22:35;02:20;;;
sáb;29/12/2012;;;;;;;;
dom;30/12/2012;;;;;;;;
seg;31/12/2012;;;;;;;;
ter;01/01/2013;;;;;;;;
qua;02/01/2013;;16:14;21:48;22:42;02:15;;;
qui;03/01/2013;;16:12;21:50;22:44;01:52;;;
sex;04/01/2013;;16:18;21:56;22:50;02:20;;;
sáb;05/01/2013;;;;;;;;
dom;06/01/2013;;;;;;;;
seg;07/01/2013;;16:11;21:46;22:46;02:00;;;
ter;08/01/2013;;16:15;21:40;22:38;02:01;;;
qua;09/01/2013;;16:15;21:47;22:42;02:10;;;
qui;10/01/2013;;16:12;21:45;22:40;03:20;;;
sex;11/01/2013;;16:11;21:04;21:55;03:03;;;
sáb;12/01/2013;;;;;;;;
dom;13/01/2013;;;;;;;;
seg;14/01/2013;;16:11;21:45;22:40;02:00;;;
ter;15/01/2013;;16:12;21:43;22:36;02:15;;;
qua;16/01/2013;;16:14;21:48;22:42;03:20;;;
qui;17/01/2013;;16:11;21:44;22:39;01:55;;;
sex;18/01/2013;;16:13;20:35;21:30;02:56;;;
sáb;19/01/2013;;;;;;;;
dom;20/01/2013;;;;;;;;
SOMA;;;;;;;;;
seg;21/01/2013;;16:12;21:47;22:41;02:20;;;
ter;22/01/2013;;16:11;21:44;22:39;02:05;;;
qua;23/01/2013;;16:13;21:48;22:43;02:03;;;
qui;24/01/2013;;16:13;21:43;22:37;02:15;;;
sex;25/01/2013;;16:16;21:45;22:40;01:53;;;
sáb;26/01/2013;;;;;;;;
dom;27/01/2013;;;;;;;;
seg;28/01/2013;;16:14;21:39;22:33;03:10;;;
ter;29/01/2013;;16:12;21:42;22:42;02:03;;;
qua;30/01/2013;;16:11;21:47;22:43;02:25;;;
qui;31/01/2013;;16:11;21:45;22:40;02:31;;;
sex;01/02/2013;;16:13;21:44;22:38;02:15;;;
sáb;02/02/2013;;;;;;;;
dom;03/02/2013;;;;;;;;
seg;04/02/2013;;16:11;21:44;22:39;01:50;;;
ter;05/02/2013;;16:12;21:48;22:42;02:00;;;
qua;06/02/2013;;16:12;21:47;22:42;01:30;;;
qui;07/02/2013;;16:14;21:48;22:42;01:32;;;
sex;08/02/2013;;16:13;21:47;22:41;02:30;;;
sáb;09/02/2013;;;;;;;;
dom;10/02/2013;;;;;;;;
seg;11/02/2013;;16:13;21:46;22:42;01:33;;;
ter;12/02/2013;;16:11;21:44;22:41;02:01;;;
qua;13/02/2013;;19:45;21:47;22:47;01:30;;;
qui;14/02/2013;;16:13;21:51;22:47;01:55;;;
sex;15/02/2013;;16:11;21:47;22:43;01:36;;;
sáb;16/02/2013;;;;;;;;
dom;17/02/2013;;;;;;;;
seg;18/02/2013;;16:11;21:47;22:44;02:20;;;
ter;19/02/2013;;16:14;21:47;22:42;01:30;;;
qua;20/02/2013;;16:14;21:45;22:39;01:45;;;
SOMA;;;;;;;;;
qui;21/02/2013;;16:13;22:11;23:04;02:45;;;
sex;22/02/2013;;16:13;21:43;22:41;01:31;;;
sáb;23/02/2013;;;;;;;;
dom;24/02/2013;;;;;;;;
seg;25/02/2013;;16:12;21:46;22:40;01:37;;;
ter;26/02/2013;;16:12;17:46;;;;;
qua;27/02/2013;;;;;;;;
qui;28/02/2013;;;;;;;;
sex;01/03/2013;;;;;;;;
sáb;02/03/2013;;;;;;;;
dom;03/03/2013;;;;;;;;
seg;04/03/2013;;16:10;21:49;22:43;02:20;;;
ter;05/03/2013;;16:11;21:46;22:42;01:45;;;
qua;06/03/2013;;16:10;21:44;22:42;01:40;;;
qui;07/03/2013;;16:11;21:46;22:42;01:36;;;
sex;08/03/2013;;16:10;21:44;22:42;02:10;;;
sáb;09/03/2013;;;;;;;;
dom;10/03/2013;;;;;;;;
seg;11/03/2013;;16:11;21:43;22:38;02:40;;;
ter;12/03/2013;;16:11;21:43;22:37;01:42;;;
qua;13/03/2013;;16:13;21:43;22:41;01:33;;;
qui;14/03/2013;;16:11;21:46;22:50;02:00;;;
sex;15/03/2013;;16:11;22:01;23:00;01:30;;;
sáb;16/03/2013;;;;;;;;
dom;17/03/2013;;;;;;;;
seg;18/03/2013;;16:10;21:45;22:40;02:22;;;
ter;19/03/2013;;16:12;21:47;22:42;01:46;;;
qua;20/03/2013;;16:11;21:00;21:53;01:52;;;
Soma;;;;;;;;;
qui;21/03/2013;;16:12;21:45;22:43;02:06;;;
sex;22/03/2013;;16:10;20:40;21:37;02:10;;;
sáb;23/03/2013;;;;;;;;
dom;24/03/2013;;;;;;;;
seg;25/03/2013;;16:11;21:45;22:40;02:00;;;
ter;26/03/2013;;16:11;21:46;22:43;02:16;;;
qua;27/03/2013;;16:11;21:46;22:41;01:50;;;
qui;28/03/2013;;16:11;21:45;22:43;03:05;;;
sex;29/03/2013;;;;;;;;
sáb;30/03/2013;;;;;;;;
dom;31/03/2013;;;;;;;;
seg;01/04/2013;;16:12;21:49;22:43;03:26;;;
ter;02/04/2013;;16:12;21:47;22:42;02:20;;;
qua;03/04/2013;;16:12;21:49;22:45;01:31;;;
qui;04/04/2013;;16:11;21:47;22:44;01:50;;;
sex;05/04/2013;;16:12;21:45;22:44;02:02;;;
sáb;06/04/2013;;;;;;;;
dom;07/04/2013;;;;;;;;
seg;08/04/2013;;16:11;21:46;22:41;02:15;;;
ter;09/04/2013;;16:11;21:45;22:41;01:37;;;
qua;10/04/2013;;16:11;21:45;22:41;02:05;;;
qui;11/04/2013;;16:10;21:45;22:41;02:08;;;
sex;12/04/2013;;16:05;21:46;;;;;
sáb;13/04/2013;;;;;;;;
dom;14/04/2013;;;;;;;;
seg;15/04/2013;;16:11;21:45;22:40;02:15;;;
ter;16/04/2013;;16:12;21:44;22:42;02:10;;;
qua;17/04/2013;;16:13;21:45;22:39;02:12;;;
qui;18/04/2013;;16:10;21:47;22:41;01:43;;;
sex;19/04/2013;;16:11;21:47;22:42;02:00;;;
sáb;20/04/2013;;;;;;;;
Soma;;;;;;;;;
dom;21/04/2013;;;;;;;;
seg;22/04/2013;;16:11;21:52;22:47;01:56;;;
ter;23/04/2013;;16:12;21:47;22:44;02:25;;;
qua;24/04/2013;;16:14;21:57;22:51;02:05;;;
qui;25/04/2013;;16:13;21:46;22:42;02:06;;;
sex;26/04/2013;;16:13;21:41;;;;;
sáb;27/04/2013;;;;;;;;
dom;28/04/2013;;;;;;;;
seg;29/04/2013;;16:12;21:46;22:41;02:06;;;
ter;30/04/2013;;16:13;21:47;22:44;02:00;;;
qua;01/05/2013;;16:10;21:47;22:41;02:15;;;
qui;02/05/2013;;16:13;21:45;22:40;02:10;;;
sex;03/05/2013;;;;;;;;
sáb;04/05/2013;;;;;;;;
dom;05/05/2013;;;;;;;;
seg;06/05/2013;;16:11;21:46;22:40;01:33;;;
ter;07/05/2013;;16:13;18:36;20:03;21:48;22:48;01:43;
qua;08/05/2013;;16:13;21:47;22:47;02:26;;;
qui;09/05/2013;;16:13;21:46;22:46;02:12;;;
sex;10/05/2013;;16:12;21:47;22:48;01:32;;;
sáb;11/05/2013;;;;;;;;
dom;12/05/2013;;;;;;;;
seg;13/05/2013;;16:12;21:47;22:47;02:10;;;
ter;14/05/2013;;16:13;21:46;22:46;02:21;;;
qua;15/05/2013;;16:11;21:46;22:45;02:20;;;
qui;16/05/2013;;16:13;21:51;22:52;02:05;;;
sex;17/05/2013;;15:45;21:51;22:52;02:15;;;
sáb;18/05/2013;;;;;;;;
dom;19/05/2013;;;;;;;;
seg;20/05/2013;;16:12;21:46;22:47;01:30;;;
Soma;;;;;;;;;
ter;21/05/2013;;16:12;21:46;22:47;01:58;;;
qua;22/05/2013;;16:11;21:48;22:49;02:00;;;
qui;23/05/2013;;;;;;;;
sex;24/05/2013;;;;;;;;
sáb;25/05/2013;;;;;;;;
dom;26/05/2013;;;;;;;;
seg;27/05/2013;;;;;;;;
ter;28/05/2013;;;;;;;;
qua;29/05/2013;;;;;;;;
qui;30/05/2013;;;;;;;;
sex;31/05/2013;;;;;;;;
sáb;01/06/2013;;;;;;;;
dom;02/06/2013;;;;;;;;
seg;03/06/2013;;;;;;;;
ter;04/06/2013;;;;;;;;
qua;05/06/2013;;;;;;;;
qui;06/06/2013;;;;;;;;
sex;07/06/2013;;16:12;20:29;21:30;04:13;;;
sáb;08/06/2013;;;;;;;;
dom;09/06/2013;;;;;;;;
seg;10/06/2013;;16:11;21:16;22:16;01:31;;;
ter;11/06/2013;;16:11;21:13;22:13;01:31;;;
qua;12/06/2013;;16:12;21:15;22:17;01:30;;;
qui;13/06/2013;;16:12;21:15;22:16;01:30;;;
sex;14/06/2013;;16:11;21:20;22:20;01:30;;;
sáb;15/06/2013;;;;;;;;
dom;16/06/2013;;;;;;;;
seg;17/06/2013;;16:12;21:15;22:16;01:47;;;
ter;18/06/2013;;16:11;21:15;22:15;01:52;;;
qua;19/06/2013;;16:13;21:15;22:17;02:03;;;
qui;20/06/2013;;16:13;21:09;22:11;01:53;;;
Soma;;;;;;;;;
sex;21/06/2013;;16:11;20:38;21:39;02:03;;;
sáb;22/06/2013;;;;;;;;
dom;23/06/2013;;;;;;;;
seg;24/06/2013;;16:11;21:17;22:17;01:42;;;
ter;25/06/2013;;16:11;21:16;22:17;02:14;;;
qua;26/06/2013;;16:12;21:16;22:17;01:40;;;
qui;27/06/2013;;15:47;21:16;22:17;02:35;;;
sex;28/06/2013;;16:12;21:17;22:17;02:00;;;
sáb;29/06/2013;;;;;;;;
dom;30/06/2013;;;;;;;;
seg;01/07/2013;;16:11;21:18;22:19;02:06;;;
ter;02/07/2013;;16:11;21:15;22:17;02:01;;;
qua;03/07/2013;;16:13;21:15;22:16;02:10;;;
qui;04/07/2013;;16:11;21:16;22:18;02:16;;;
sex;05/07/2013;;17:43;21:15;22:16;02:15;;;
sáb;06/07/2013;;;;;;;;
dom;07/07/2013;;;;;;;;
seg;08/07/2013;;16:13;21:10;22:12;02:35;;;
ter;09/07/2013;;16:13;21:17;22:19;02:10;;;
qua;10/07/2013;;16:12;21:17;22:17;02:15;;;
qui;11/07/2013;;16:12;21:16;22:16;01:40;;;
sex;12/07/2013;;16:12;21:15;22:17;02:17;;;
sáb;13/07/2013;;;;;;;;
dom;14/07/2013;;;;;;;;
seg;15/07/2013;;16:13;21:16;22:16;02:33;;;
ter;16/07/2013;;16:11;21:15;22:17;02:12;;;
qua;17/07/2013;;16:12;21:17;22:17;02:13;;;
qui;18/07/2013;;16:11;21:18;22:17;02:30;;;
sex;19/07/2013;;16:11;21:17;22:18;02:17;;;
sáb;20/07/2013;;;;;;;;
Soma;;;;;;;;;
dom;21/07/2013;;;;;;;;
seg;22/07/2013;;16:12;21:18;22:18;02:21;;;
ter;23/07/2013;;16:12;21:18;22:18;02:13;;;
qua;24/07/2013;;16:13;21:25;22:25;02:30;;;
qui;25/07/2013;;16:11;21:14;22:14;02:30;;;
sex;26/07/2013;;16:12;21:16;22:17;02:20;;;
sáb;27/07/2013;;;;;;;;
dom;28/07/2013;;;;;;;;
seg;29/07/2013;;16:11;21:16;22:16;02:05;;;
ter;30/07/2013;;16:11;21:15;22:15;02:08;;;
qua;31/07/2013;;16:12;21:18;22:18;02:01;;;
qui;01/08/2013;;16:11;21:20;22:20;01:36;;;
sex;02/08/2013;;16:12;21:15;22:16;02:00;;;
sáb;03/08/2013;;;;;;;;
dom;04/08/2013;;;;;;;;
seg;05/08/2013;;16:11;21:16;22:17;02:05;;;
ter;06/08/2013;;16:12;21:15;22:16;02:25;;;
qua;07/08/2013;;16:11;21:16;22:16;02:15;;;
qui;08/08/2013;;16:13;21:15;22:17;01:31;;;
sex;09/08/2013;;16:15;21:18;22:18;01:37;;;
sáb;10/08/2013;;;;;;;;
dom;11/08/2013;;;;;;;;
seg;12/08/2013;;16:12;21:02;22:02;01:51;;;
ter;13/08/2013;;15:24;21:03;22:03;02:02;;;
qua;14/08/2013;;16:11;21:05;22:05;01:39;;;
qui;15/08/2013;;16:11;20:54;21:54;01:56;;;
sex;16/08/2013;;16:09;21:00;22:02;01:43;;;
sáb;17/08/2013;;;;;;;;
dom;18/08/2013;;;;;;;;
seg;19/08/2013;;16:11;21:03;22:03;01:44;;;
ter;20/08/2013;;16:10;21:03;22:03;02:16;;;
Soma;;;;;;;;;
qua;21/08/2013;;16:10;21:03;22:03;01:51;;;
qui;22/08/2013;;16:10;20:59;21:59;01:33;;;
sex;23/08/2013;;;;;;;;
sáb;24/08/2013;;;;;;;;
dom;25/08/2013;;;;;;;;
seg;26/08/2013;;16:10;21:03;22:03;01:39;;;
ter;27/08/2013;;16:13;20:55;21:56;02:10;;;
qua;28/08/2013;;16:11;20:59;22:01;01:48;;;
qui;29/08/2013;;16:10;20:58;21:59;01:56;;;
sex;30/08/2013;;16:10;21:01;22:01;01:38;;;
sáb;31/08/2013;;;;;;;;
dom;01/09/2013;;;;;;;;
seg;02/09/2013;;16:11;21:03;;;;;
ter;03/09/2013;;;;;;;;
qua;04/09/2013;;16:09;21:06;22:06;01:31;;;
qui;05/09/2013;;16:10;21:02;22:05;01:30;;;
sex;06/09/2013;;16:12;20:50;21:50;02:17;;;
sáb;07/09/2013;;;;;;;;
dom;08/09/2013;;;;;;;;
seg;09/09/2013;;16:11;20:57;21:57;02:41;;;
ter;10/09/2013;;16:14;21:03;22:03;01:58;;;
qua;11/09/2013;;16:11;21:02;22:04;01:31;;;
qui;12/09/2013;;16:10;21:01;22:00;01:31;;;
sex;13/09/2013;;16:11;20:46;21:50;01:32;;;
sáb;14/09/2013;;;;;;;;
dom;15/09/2013;;;;;;;;
seg;16/09/2013;;16:10;20:54;21:54;02:00;;;
ter;17/09/2013;;16:10;21:00;22:07;02:20;;;
qua;18/09/2013;;16:13;21:02;22:03;02:31;;;
qui;19/09/2013;;16:10;21:04;22:04;01:57;;;
sex;20/09/2013;;;;;;;;
Soma;;;;;;;;;
sáb;21/09/2013;;;;;;;;
dom;22/09/2013;;;;;;;;
seg;23/09/2013;;16:09;21:01;22:01;02:52;;;
ter;24/09/2013;;16:11;21:00;22:01;02:50;;;
qua;25/09/2013;;16:11;20:58;22:01;02:05;;;
qui;26/09/2013;;16:15;21:08;22:08;01:50;;;
sex;27/09/2013;;16:13;20:59;22:03;01:48;;;
sáb;28/09/2013;;;;;;;;
dom;29/09/2013;;;;;;;;
seg;30/09/2013;;16:10;21:02;22:03;02:05;;;
ter;01/10/2013;;16:11;21:05;22:05;02:18;;;
qua;02/10/2013;;16:17;21:01;22:06;01:51;;;
qui;03/10/2013;;16:10;21:00;22:01;01:52;;;
sex;04/10/2013;;16:06;21:01;22:02;01:57;;;
sáb;05/10/2013;;;;;;;;
dom;06/10/2013;;;;;;;;
seg;07/10/2013;;16:15;20:59;22:03;02:16;;;
ter;08/10/2013;;16:12;21:00;22:01;01:15;;;
qua;09/10/2013;;;;;;;;
qui;10/10/2013;;16:11;21:04;22:06;02:05;;;
sex;11/10/2013;;16:10;21:01;22:02;01:30;;;
sáb;12/10/2013;;;;;;;;
dom;13/10/2013;;;;;;;;
seg;14/10/2013;;16:10;21:05;22:07;02:10;;;
ter;15/10/2013;;16:11;20:57;21:58;02:00;;;
qua;16/10/2013;;;;;;;;
qui;17/10/2013;;;;;;;;
sex;18/10/2013;;;;;;;;
sáb;19/10/2013;;;;;;;;
dom;20/10/2013;;;;;;;;
Soma;;;;;;;;;
seg;21/10/2013;;;;;;;;
ter;22/10/2013;;;;;;;;
qua;23/10/2013;;;;;;;;
qui;24/10/2013;;;;;;;;
sex;25/10/2013;;;;;;;;
sáb;26/10/2013;;;;;;;;
dom;27/10/2013;;;;;;;;
seg;28/10/2013;;;;;;;;
ter;29/10/2013;;;;;;;;
qua;30/10/2013;;;;;;;;
qui;31/10/2013;;;;;;;;
sex;01/11/2013;;;;;;;;
sáb;02/11/2013;;;;;;;;
dom;03/11/2013;;;;;;;;
seg;04/11/2013;;;;;;;;
ter;05/11/2013;;16:10;21:02;22:02;02:00;;;
qua;06/11/2013;;16:16;21:01;22:02;01:58;;;
qui;07/11/2013;;16:11;21:02;22:08;02:16;;;
sex;08/11/2013;;16:10;21:03;22:04;02:02;;;
sáb;09/11/2013;;;;;;;;
dom;10/11/2013;;;;;;;;
seg;11/11/2013;;16:15;20:57;21:58;02:35;;;
ter;12/11/2013;;16:10;02:22;;;;;
qua;13/11/2013;;16:13;21:00;22:01;01:50;;;
qui;14/11/2013;;16:16;21:15;22:16;02:27;;;
sex;15/11/2013;;;;;;;;
sáb;16/11/2013;;;;;;;;
dom;17/11/2013;;;;;;;;
seg;18/11/2013;;16:06;21:00;22:03;01:57;;;
ter;19/11/2013;;16:10;20:53;21:53;01:42;;;
qua;20/11/2013;;16:10;21:07;22:07;01:57;;;
Soma;;;;;;;;;
qui;21/11/2013;;16:11;21:01;22:04;02:22;;;
sex;22/11/2013;;16:15;20:58;21:58;01:53;;;
sáb;23/11/2013;;;;;;;;
dom;24/11/2013;;;;;;;;
seg;25/11/2013;;16:12;21:07;22:07;02:03;;;
ter;26/11/2013;;16:11;20:34;21:37;01:30;;;
qua;27/11/2013;;16:15;20:50;21:57;01:58;;;
qui;28/11/2013;;16:12;20:56;21:56;01:52;;;
sex;29/11/2013;;16:13;20:57;21:59;02:00;;;
sáb;30/11/2013;;;;;;;;
dom;01/12/2013;;;;;;;;
seg;02/12/2013;;16:06;21:03;22:04;01:57;;;
ter;03/12/2013;;16:11;20:56;21:59;01:55;;;
qua;04/12/2013;;15:58;20:50;21:55;01:53;;;
qui;05/12/2013;;15:13;20:00;21:00;02:11;;;
sex;06/12/2013;;16:10;20:58;22:01;02:06;;;
sáb;07/12/2013;;;;;;;;
dom;08/12/2013;;;;;;;;
seg;09/12/2013;;16:04;21:13;22:14;02:00;;;
ter;10/12/2013;;16:09;20:50;21:54;02:06;;;
qua;11/12/2013;;16:10;20:40;21:42;01:42;;;
qui;12/12/2013;;16:10;21:08;22:15;01:52;;;
sex;13/12/2013;;16:10;20:58;22:01;02:16;;;
sáb;14/12/2013;;;;;;;;
dom;15/12/2013;;;;;;;;
seg;16/12/2013;;16:04;21:04;22:04;01:33;;;
ter;17/12/2013;;16:11;20:50;21:51;02:00;;;
qua;18/12/2013;;16:08;20:47;21:49;01:33;;;
qui;19/12/2013;;16:12;21:00;22:02;02:00;;;
sex;20/12/2013;;16:12;20:55;21:55;02:09;;;
Soma;;;;;;;;;
sáb;21/12/2013;;;;;;;;
dom;22/12/2013;;;;;;;;
seg;23/12/2013;;16:01;21:02;22:03;01:00;;;
ter;24/12/2013;;;;;;;;
qua;25/12/2013;;;;;;;;
qui;26/12/2013;;16:11;21:02;22:05;01:31;;;
sex;27/12/2013;;16:15;20:56;21:57;01:32;;;
sáb;28/12/2013;;;;;;;;
dom;29/12/2013;;;;;;;;
seg;30/12/2013;;16:07;21:06;22:07;01:31;;;
ter;31/12/2013;;;;;;;;
qua;01/01/2014;;;;;;;;
qui;02/01/2014;;16:11;20:49;21:49;02:33;;;
sex;03/01/2014;;16:11;21:04;22:06;01:50;;;
sáb;04/01/2014;;;;;;;;
dom;05/01/2014;;;;;;;;
seg;06/01/2014;;;;;;;;
ter;07/01/2014;;16:13;21:03;22:03;02:25;;;
qua;08/01/2014;;16:10;20:57;21:57;01:52;;;
qui;09/01/2014;;16:13;21:00;22:03;01:38;;;
sex;10/01/2014;;16:10;20:55;21:56;01:53;;;
sáb;11/01/2014;;;;;;;;
dom;12/01/2014;;;;;;;;
seg;13/01/2014;;16:10;20:52;21:54;02:26;;;
ter;14/01/2014;;16:10;21:04;22:06;02:07;;;
qua;15/01/2014;;16:13;21:01;22:03;02:16;;;
qui;16/01/2014;;16:15;20:58;22:01;02:20;;;
sex;17/01/2014;;16:14;21:04;22:09;01:30;;;
sáb;18/01/2014;;;;;;;;
dom;19/01/2014;;;;;;;;
seg;20/01/2014;;16:11;20:49;21:51;02:06;;;
Soma;;;;;;;;;
ter;21/01/2014;;16:16;20:41;21:44;02:05;;;
qua;22/01/2014;;16:13;21:04;22:06;02:16;;;
qui;23/01/2014;;16:12;20:46;21:46;02:07;;;
sex;24/01/2014;;16:11;20:49;21:51;02:20;;;
sáb;25/01/2014;;;;;;;;
dom;26/01/2014;;;;;;;;
seg;27/01/2014;;16:09;20:58;21:59;01:54;;;
ter;28/01/2014;;16:12;20:51;21:53;02:13;;;
qua;29/01/2014;;16:10;20:57;21:59;01:32;;;
qui;30/01/2014;;16:14;21:02;22:02;02:11;;;
sex;31/01/2014;;16:09;20:47;21:47;01:47;;;
sáb;01/02/2014;;;;;;;;
dom;02/02/2014;;;;;;;;
seg;03/02/2014;;16:17;20:44;21:47;01:48;;;
ter;04/02/2014;;15:30;21:05;22:05;01:50;;;
qua;05/02/2014;;15:59;21:00;22:00;02:12;;;
qui;06/02/2014;;16:11;20:30;21:35;01:32;;;
sex;07/02/2014;;16:10;20:52;21:52;01:50;;;
sáb;08/02/2014;;;;;;;;
dom;09/02/2014;;;;;;;;
seg;10/02/2014;;16:14;21:18;22:18;01:38;;;
ter;11/02/2014;;16:14;21:07;22:09;01:32;;;
qua;12/02/2014;;15:55;21:25;22:26;02:04;;;
qui;13/02/2014;;16:04;20:55;21:55;01:32;;;
sex;14/02/2014;;16:11;21:00;22:01;01:36;;;
sáb;15/02/2014;;;;;;;;
dom;16/02/2014;;;;;;;;
seg;17/02/2014;;16:04;21:10;22:10;02:03;;;
ter;18/02/2014;;16:07;21:00;22:03;01:47;;;
qua;19/02/2014;;15:57;20:41;21:42;01:51;;;
qui;20/02/2014;;16:13;21:09;22:09;01:59;;;
Soma;;;;;;;;;
sex;21/02/2014;;15:56;21:04;22:04;02:07;;;
sáb;22/02/2014;;;;;;;;
dom;23/02/2014;;;;;;;;
seg;24/02/2014;;15:51;20:40;21:40;02:23;;;
ter;25/02/2014;;16:00;20:56;21:56;01:45;;;
qua;26/02/2014;;15:59;21:03;22:06;02:07;;;
qui;27/02/2014;;15:54;20:58;22:01;01:35;;;
sex;28/02/2014;;16:12;20:55;21:55;02:04;;;
sáb;01/03/2014;;;;;;;;
dom;02/03/2014;;;;;;;;
seg;03/03/2014;;16:09;20:55;21:55;01:30;;;
ter;04/03/2014;;16:07;21:06;22:06;01:44;;;
qua;05/03/2014;;15:55;20:51;21:52;01:31;;;
qui;06/03/2014;;15:52;20:33;21:34;02:11;;;
sex;07/03/2014;;16:04;21:07;22:09;02:21;;;
sáb;08/03/2014;;;;;;;;
dom;09/03/2014;;;;;;;;
seg;10/03/2014;;16:11;20:42;21:53;01:40;;;
ter;11/03/2014;;15:50;21:00;22:01;01:31;;;
qua;12/03/2014;;16:10;20:58;21:58;01:30;;;
qui;13/03/2014;;15:56;21:07;22:08;02:04;;;
sex;14/03/2014;;16:11;21:00;22:07;02:30;;;
sáb;15/03/2014;;;;;;;;
dom;16/03/2014;;;;;;;;
seg;17/03/2014;;15:52;21:03;22:03;02:04;;;
ter;18/03/2014;;16:12;20:57;21:57;02:07;;;
qua;19/03/2014;;15:28;20:53;21:57;02:19;;;
qui;20/03/2014;;15:49;20:54;21:55;01:38;;;
Soma;;;;;;;;;
sex;21/03/2014;;15:57;21:00;22:01;02:11;;;
sáb;22/03/2014;;;;;;;;
dom;23/03/2014;;;;;;;;
seg;24/03/2014;;;;;;;;
ter;25/03/2014;;16:10;20:58;21:58;01:59;;;
qua;26/03/2014;;16:18;21:03;22:05;02:06;;;
qui;27/03/2014;;16:12;20:58;21:58;01:46;;;
sex;28/03/2014;;16:11;21:01;22:02;02:47;;;
sáb;29/03/2014;;;;;;;;
dom;30/03/2014;;;;;;;;
seg;31/03/2014;;16:13;21:00;22:02;01:33;;;
ter;01/04/2014;;16:12;21:09;22:10;02:00;;;
qua;02/04/2014;;16:12;21:08;22:11;02:00;;;
qui;03/04/2014;;16:10;20:55;21:56;02:15;;;
sex;04/04/2014;;16:09;20:44;21:49;02:02;;;
sáb;05/04/2014;;;;;;;;
dom;06/04/2014;;;;;;;;
seg;07/04/2014;;16:12;21:03;22:03;01:53;;;
ter;08/04/2014;;15:57;20:58;21:59;01:55;;;
qua;09/04/2014;;16:03;21:02;22:02;01:47;;;
qui;10/04/2014;;15:55;21:05;22:10;01:59;;;
sex;11/04/2014;;15:37;20:52;21:53;00:31;;;
sáb;12/04/2014;;;;;;;;
dom;13/04/2014;;;;;;;;
seg;14/04/2014;;16:12;20:56;21:58;02:17;;;
ter;15/04/2014;;16:11;21:01;22:04;01:57;;;
qua;16/04/2014;;16:15;21:04;22:08;01:54;;;
qui;17/04/2014;;16:13;21:01;22:05;02:22;;;
sex;18/04/2014;;;;;;;;
sáb;19/04/2014;;;;;;;;
dom;20/04/2014;;;;;;;;
Soma;;;;;;;;;
seg;21/04/2014;;;;;;;;
ter;22/04/2014;;15:57;21:01;22:04;02:19;;;
qua;23/04/2014;;16:03;20:56;21:57;01:47;;;
qui;24/04/2014;;16:12;21:10;22:14;01:58;;;
sex;25/04/2014;;16:14;21:00;22:04;03:15;;;
sáb;26/04/2014;;;;;;;;
dom;27/04/2014;;;;;;;;
seg;28/04/2014;;16:10;20:58;21:59;02:05;;;
ter;29/04/2014;;16:14;20:50;21:52;02:33;;;
qua;30/04/2014;;16:06;21:09;22:10;02:11;;;
qui;01/05/2014;;;;;;;;
sex;02/05/2014;;15:52;21:19;22:21;01:46;;;
sáb;03/05/2014;;;;;;;;
dom;04/05/2014;;;;;;;;
seg;05/05/2014;;15:53;21:12;22:17;02:16;;;
ter;06/05/2014;;15:29;20:40;21:41;01:53;;;
qua;07/05/2014;;16:11;20:52;21:52;02:48;;;
qui;08/05/2014;;16:13;21:00;22:02;01:40;;;
sex;09/05/2014;;15:52;20:59;22:01;02:10;;;
sáb;10/05/2014;;;;;;;;
dom;11/05/2014;;;;;;;;
seg;12/05/2014;;16:12;21:07;22:09;02:10;;;
ter;13/05/2014;;16:13;20:50;21:50;01:45;;;
qua;14/05/2014;;16:12;21:09;22:11;01:48;;;
qui;15/05/2014;;16:05;21:14;22:14;02:00;;;
sex;16/05/2014;;16:05;21:17;22:17;02:04;;;
sáb;17/05/2014;;;;;;;;
dom;18/05/2014;;;;;;;;
seg;19/05/2014;;16:12;21:00;22:02;02:02;;;
ter;20/05/2014;;16:13;21:02;22:02;02:00;;;
Soma;;;;;;;;;
qua;21/05/2014;;16:13;21:00;22:06;01:41;;;
qui;22/05/2014;;15:49;21:06;22:08;01:48;;;
sex;23/05/2014;;;;;;;;
sáb;24/05/2014;;;;;;;;
dom;25/05/2014;;;;;;;;
seg;26/05/2014;;16:13;20:56;21:56;01:52;;;
ter;27/05/2014;;16:02;20:51;21:52;01:31;;;
qua;28/05/2014;;16:13;21:05;22:05;01:32;;;
qui;29/05/2014;;16:10;21:00;22:04;01:38;;;
sex;30/05/2014;;16:13;20:54;21:54;01:52;;;
sáb;31/05/2014;;;;;;;;
dom;01/06/2014;;;;;;;;
seg;02/06/2014;;15:48;21:10;22:12;01:40;;;
ter;03/06/2014;;16:09;21:00;22:02;01:35;;;
qua;04/06/2014;;16:12;20:50;21:53;01:37;;;
qui;05/06/2014;;16:12;20:56;21:59;01:35;;;
sex;06/06/2014;;16:14;20:55;21:58;02:12;;;
sáb;07/06/2014;;;;;;;;
dom;08/06/2014;;;;;;;;
seg;09/06/2014;;16:00;20:52;21:52;01:25;;;
ter;10/06/2014;;16:13;20:50;21:54;01:39;;;
qua;11/06/2014;;15:55;21:01;22:05;01:44;;;
qui;12/06/2014;;16:09;20:53;21:53;01:30;;;
sex;13/06/2014;;16:11;20:51;21:53;01:32;;;
sáb;14/06/2014;;;;;;;;
dom;15/06/2014;;;;;;;;
seg;16/06/2014;;16:04;20:54;21:55;01:45;;;
ter;17/06/2014;;15:51;20:52;21:54;02:02;;;
qua;18/06/2014;;15:20;20:51;21:56;02:34;;;
qui;19/06/2014;;16:10;21:04;22:07;01:53;;;
sex;20/06/2014;;16:05;20:51;21:54;02:02;;;
Soma;;;;;;;;;
sáb;21/06/2014;;;;;;;;
dom;22/06/2014;;;;;;;;
seg;23/06/2014;;16:00;20:50;21:51;02:01;;;
ter;24/06/2014;;15:24;20:58;22:02;01:45;;;
qua;25/06/2014;;16:11;20:55;21:56;02:01;;;
qui;26/06/2014;;16:11;20:50;21:51;02:12;;;
sex;27/06/2014;;16:11;20:58;21:58;02:15;;;
sáb;28/06/2014;;;;;;;;
dom;29/06/2014;;;;;;;;
seg;30/06/2014;;16:06;20:56;22:02;02:02;;;
ter;01/07/2014;;16:11;20:52;21:52;02:05;;;
qua;02/07/2014;;16:11;20:50;21:53;01:55;;;
qui;03/07/2014;;16:11;21:02;22:07;01:56;;;
sex;04/07/2014;;;;;;;;
sáb;05/07/2014;;;;;;;;
dom;06/07/2014;;;;;;;;
seg;07/07/2014;;16:12;20:49;21:52;01:47;;;
ter;08/07/2014;;16:14;21:20;22:20;01:43;;;
qua;09/07/2014;;16:13;20:55;21:57;01:44;;;
qui;10/07/2014;;16:11;20:50;21:50;02:21;;;
sex;11/07/2014;;15:40;21:02;22:02;02:23;;;
sáb;12/07/2014;;;;;;;;
dom;13/07/2014;;;;;;;;
seg;14/07/2014;;16:14;20:58;21:58;03:18;;;
ter;15/07/2014;;16:09;20:57;21:57;02:11;;;
qua;16/07/2014;;16:10;21:18;22:18;01:51;;;
qui;17/07/2014;;16:08;20:59;22:15;02:01;;;
sex;18/07/2014;;16:08;20:59;21:59;02:01;;;
sáb;19/07/2014;;;;;;;;
dom;20/07/2014;;;;;;;;
Soma;;;;;;;;;
seg;21/07/2014;;16:12;20:59;21:59;01:52;;;
ter;22/07/2014;;16:10;20:51;21:54;02:40;;;
qua;23/07/2014;;16:13;21:18;22:18;02:06;;;
qui;24/07/2014;;16:10;20:56;21:56;02:17;;;
sex;25/07/2014;;16:11;20:50;21:50;02:29;;;
sáb;26/07/2014;;;;;;;;
dom;27/07/2014;;;;;;;;
seg;28/07/2014;;16:15;21:02;22:02;01:56;;;
ter;29/07/2014;;16:09;20:48;21:48;01:58;;;
qua;30/07/2014;;16:12;20:50;21:53;01:35;;;
qui;31/07/2014;;16:11;20:41;21:45;01:50;;;
sex;01/08/2014;;16:13;20:44;21:48;02:00;;;
sáb;02/08/2014;;;;;;;;
dom;03/08/2014;;;;;;;;
seg;04/08/2014;;16:11;20:40;21:41;02:13;;;
ter;05/08/2014;;16:12;20:36;21:40;01:33;;;
qua;06/08/2014;;16:07;20:45;21:45;01:34;;;
qui;07/08/2014;;21:28;01:46;;;;;
sex;08/08/2014;;16:15;20:27;21:31;01:36;;;
sáb;09/08/2014;;;;;;;;
dom;10/08/2014;;;;;;;;
seg;11/08/2014;;16:01;20:44;21:49;01:39;;;
ter;12/08/2014;;15:27;20:48;21:51;01:53;;;
qua;13/08/2014;;16:13;20:44;21:44;02:07;;;
qui;14/08/2014;;15:56;20:56;21:58;01:35;;;
sex;15/08/2014;;14:44;20:20;21:20;01:50;;;
sáb;16/08/2014;;;;;;;;
dom;17/08/2014;;;;;;;;
seg;18/08/2014;;16:20;20:53;21:54;01:32;;;
ter;19/08/2014;;16:10;20:52;21:54;01:30;;;
qua;20/08/2014;;16:15;21:00;22:00;02:00;;;
Soma;;;;;;;;;
qui;21/08/2014;;15:54;20:46;21:49;01:30;;;
sex;22/08/2014;;15:51;20:56;21:57;01:48;;;
sáb;23/08/2014;;;;;;;;
dom;24/08/2014;;;;;;;;
seg;25/08/2014;;16:05;20:54;21:56;01:28;;;
ter;26/08/2014;;15:32;20:50;21:52;01:31;;;
qua;27/08/2014;;16:03;20:48;21:52;01:30;;;
qui;28/08/2014;;16:01;20:55;21:55;01:32;;;
sex;29/08/2014;;15:59;21:44;22:45;01:40;;;
sáb;30/08/2014;;;;;;;;
dom;31/08/2014;;;;;;;;
seg;01/09/2014;;15:56;20:47;21:53;02:47;;;
ter;02/09/2014;;15:27;20:56;21:58;02:09;;;
qua;03/09/2014;;16:14;20:54;21:57;01:31;;;
qui;04/09/2014;;14:38;20:55;21:55;01:56;;;
sex;05/09/2014;;15:59;20:01;21:05;01:28;;;
sáb;06/09/2014;;;;;;;;
dom;07/09/2014;;;;;;;;
seg;08/09/2014;;16:11;20:47;21:47;01:43;;;
ter;09/09/2014;;16:09;21:03;22:06;02:14;;;
qua;10/09/2014;;16:07;20:50;21:53;01:39;;;
qui;11/09/2014;;16:03;20:50;21:56;01:39;;;
sex;12/09/2014;;15:59;21:13;22:17;01:44;;;
sáb;13/09/2014;;;;;;;;
dom;14/09/2014;;;;;;;;
seg;15/09/2014;;16:10;20:57;22:00;01:58;;;
ter;16/09/2014;;16:13;20:57;22:02;01:51;;;
qua;17/09/2014;;15:40;21:20;22:20;02:10;;;
qui;18/09/2014;;16:04;21:27;22:32;01:40;;;
sex;19/09/2014;;15:51;20:47;21:50;01:40;;;
sáb;20/09/2014;;;;;;;;
Soma;;;;;;;;;
dom;21/09/2014;;;;;;;;
seg;22/09/2014;;15:55;21:20;22:24;01:58;;;
ter;23/09/2014;;16:11;20:52;21:52;01:44;;;
qua;24/09/2014;;16:12;21:01;22:01;02:01;;;
qui;25/09/2014;;16:13;21:01;22:03;01:34;;;
sex;26/09/2014;;16:12;20:48;21:48;02:02;;;
sáb;27/09/2014;;;;;;;;
dom;28/09/2014;;;;;;;;
seg;29/09/2014;;16:07;20:50;21:54;01:52;;;
ter;30/09/2014;;15:51;21:20;22:23;01:59;;;
qua;01/10/2014;;15:51;20:55;21:57;02:44;;;
qui;02/10/2014;;15:53;21:09;22:09;01:55;;;
sex;03/10/2014;;15:59;20:39;21:41;02:28;;;
sáb;04/10/2014;;;;;;;;
dom;05/10/2014;;;;;;;;
seg;06/10/2014;;15:57;20:47;21:47;01:43;;;
ter;07/10/2014;;15:59;21:07;22:07;02:06;;;
qua;08/10/2014;;16:12;21:09;22:11;02:13;;;
qui;09/10/2014;;15:51;21:13;22:18;01:35;;;
sex;10/10/2014;;15:53;21:23;22:23;02:25;;;
sáb;11/10/2014;;;;;;;;
dom;12/10/2014;;;;;;;;
seg;13/10/2014;;16:04;21:00;22:02;02:02;;;
ter;14/10/2014;;16:14;20:55;21:57;02:15;;;
qua;15/10/2014;;16:00;21:07;22:08;01:37;;;
qui;16/10/2014;;16:06;21:09;22:09;01:51;;;
sex;17/10/2014;;16:03;21:09;22:09;03:01;;;
sáb;18/10/2014;;;;;;;;
dom;19/10/2014;;;;;;;;
seg;20/10/2014;;15:58;21:12;22:17;02:34;;;
Soma;;;;;;;;;
ter;21/10/2014;;16:10;21:20;22:26;01:56;;;
qua;22/10/2014;;16:06;21:20;22:25;01:42;;;
qui;23/10/2014;;16:09;21:14;22:15;01:51;;;
sex;24/10/2014;;16:12;21:03;22:03;01:51;;;
sáb;25/10/2014;;;;;;;;
dom;26/10/2014;;;;;;;;
seg;27/10/2014;;16:04;21:01;22:07;02:05;;;
ter;28/10/2014;;15:52;20:57;21:58;02:19;;;
qua;29/10/2014;;16:02;21:10;22:10;02:30;;;
qui;30/10/2014;;;;;;;;
sex;31/10/2014;;15:56;21:05;22:02;02:35;;;
sáb;01/11/2014;;;;;;;;
dom;02/11/2014;;;;;;;;
seg;03/11/2014;;16:00;19:57;21:03;01:48;;;
ter;04/11/2014;;15:57;21:02;22:08;02:33;;;
qua;05/11/2014;;16:08;21:11;22:14;01:34;;;
qui;06/11/2014;;15:53;21:09;;;;;
sex;07/11/2014;;16:09;21:00;22:05;02:01;;;
sáb;08/11/2014;;;;;;;;
dom;09/11/2014;;;;;;;;
seg;10/11/2014;;15:50;19:57;21:11;02:42;;;
ter;11/11/2014;;15:46;21:05;22:10;03:06;;;
qua;12/11/2014;;16:05;21:08;22:08;02:28;;;
qui;13/11/2014;;15:52;20:48;21:50;01:55;;;
sex;14/11/2014;;15:08;20:55;22:03;02:37;;;
sáb;15/11/2014;;;;;;;;
dom;16/11/2014;;;;;;;;
seg;17/11/2014;;16:01;19:56;21:11;02:13;;;
ter;18/11/2014;;15:40;20:59;21:59;02:24;;;
qua;19/11/2014;;15:56;21:14;22:15;02:40;;;
qui;20/11/2014;;15:51;21:01;22:02;02:17;;;
Soma;;;;;;;;;
sex;21/11/2014;;16:08;20:48;21:49;02:31;;;
sáb;22/11/2014;;;;;;;;
dom;23/11/2014;;;;;;;;
seg;24/11/2014;;;;;;;;
ter;25/11/2014;;;;;;;;
qua;26/11/2014;;;;;;;;
qui;27/11/2014;;;;;;;;
sex;28/11/2014;;;;;;;;
sáb;29/11/2014;;;;;;;;
dom;30/11/2014;;;;;;;;
seg;01/12/2014;;;;;;;;
ter;02/12/2014;;;;;;;;
qua;03/12/2014;;;;;;;;
qui;04/12/2014;;;;;;;;
sex;05/12/2014;;;;;;;;
sáb;06/12/2014;;;;;;;;
dom;07/12/2014;;;;;;;;
seg;08/12/2014;;;;;;;;
ter;09/12/2014;;;;;;;;
qua;10/12/2014;;;;;;;;
qui;11/12/2014;;;;;;;;
sex;12/12/2014;;;;;;;;
sáb;13/12/2014;;;;;;;;
dom;14/12/2014;;;;;;;;
seg;15/12/2014;;15:52;19:56;21:07;02:27;;;
ter;16/12/2014;;15:51;21:01;22:01;01:52;;;
qua;17/12/2014;;15:56;20:57;21:58;02:02;;;
qui;18/12/2014;;16:04;21:01;22:01;02:17;;;
sex;19/12/2014;;15:47;21:10;22:12;01:53;;;
sáb;20/12/2014;;;;;;;;
Soma;;;;;;;;;
dom;21/12/2014;;;;;;;;
seg;22/12/2014;;15:56;21:06;22:06;01:49;;;
ter;23/12/2014;;15:51;21:13;22:14;01:50;;;
qua;24/12/2014;;;;;;;;
qui;25/12/2014;;;;;;;;
sex;26/12/2014;;15:51;21:14;22:18;01:43;;;
sáb;27/12/2014;;;;;;;;
dom;28/12/2014;;;;;;;;
seg;29/12/2014;;15:52;21:19;22:19;01:23;;;
ter;30/12/2014;;16:08;21:03;22:03;01:30;;;
qua;31/12/2014;;;;;;;;
qui;01/01/2015;;;;;;;;
sex;02/01/2015;;;;;;;;
sáb;03/01/2015;;;;;;;;
dom;04/01/2015;;;;;;;;
seg;05/01/2015;;15:51;20:54;21:58;01:34;;;
ter;06/01/2015;;15:48;21:01;22:06;02:35;;;
qua;07/01/2015;;15:56;21:00;22:09;02:20;;;
qui;08/01/2015;;15:55;21:15;22:17;01:35;;;
sex;09/01/2015;;15:52;21:09;22:11;01:30;;;
sáb;10/01/2015;;;;;;;;
dom;11/01/2015;;;;;;;;
seg;12/01/2015;;15:52;21:06;22:11;01:39;;;
ter;13/01/2015;;15:57;21:03;22:06;01:48;;;
qua;14/01/2015;;15:55;21:01;22:04;01:35;;;
qui;15/01/2015;;15:59;21:18;22:18;01:30;;;
sex;16/01/2015;;15:49;21:36;22:36;01:42;;;
sáb;17/01/2015;;;;;;;;
dom;18/01/2015;;;;;;;;
seg;19/01/2015;;16:12;20:53;21:54;02:33;;;
ter;20/01/2015;;15:47;21:04;22:05;01:31;;;
Soma;;;;;;;;;
qua;21/01/2015;;15:52;21:00;22:01;01:37;;;
qui;22/01/2015;;15:25;21:15;22:15;01:35;;;
sex;23/01/2015;;15:54;20:56;22:02;01:34;;;
sáb;24/01/2015;;;;;;;;
dom;25/01/2015;;;;;;;;
seg;26/01/2015;;15:51;21:15;22:16;02:06;;;
ter;27/01/2015;;15:57;20:56;21:59;01:31;;;
qua;28/01/2015;;16:10;20:47;21:48;01:32;;;
qui;29/01/2015;;16:16;20:53;21:53;01:30;;;
sex;30/01/2015;;16:13;21:02;22:02;01:30;;;
sáb;31/01/2015;;;;;;;;
dom;01/02/2015;;;;;;;;
seg;02/02/2015;;16:11;20:58;21:59;01:30;;;
ter;03/02/2015;;16:15;20:59;22:00;01:31;;;
qua;04/02/2015;;16:13;20:57;21:59;01:37;;;
qui;05/02/2015;;16:14;20:54;21:56;01:53;;;
sex;06/02/2015;;14:17;19:31;20:33;23:53;;;
sáb;07/02/2015;;;;;;;;
dom;08/02/2015;;;;;;;;
seg;09/02/2015;;16:12;20:57;22:00;01:43;;;
ter;10/02/2015;;16:10;21:29;22:30;02:07;;;
qua;11/02/2015;;16:12;20:59;22:01;02:20;;;
qui;12/02/2015;;16:09;22:11;;;;;
sex;13/02/2015;;16:10;21:17;22:23;01:48;;;
sáb;14/02/2015;;;;;;;;
dom;15/02/2015;;;;;;;;
seg;16/02/2015;;16:13;21:03;22:10;02:19;;;
ter;17/02/2015;;16:09;21:05;22:12;01:31;;;
qua;18/02/2015;;16:13;21:03;22:08;01:42;;;
qui;19/02/2015;;16:13;21:00;22:01;01:43;;;
sex;20/02/2015;;16:11;21:00;22:04;02:07;;;
Soma;;;;;;;;;
sáb;21/02/2015;;;;;;;;
dom;22/02/2015;;;;;;;;
seg;23/02/2015;;16:11;20:55;21:56;01:46;;;
ter;24/02/2015;;16:11;21:02;22:04;01:33;;;
qua;25/02/2015;;16:12;21:11;22:11;01:59;;;
qui;26/02/2015;;16:06;21:05;22:07;02:37;;;
sex;27/02/2015;;;;;;;;
sáb;28/02/2015;;;;;;;;
dom;01/03/2015;;;;;;;;
seg;02/03/2015;;16:11;21:03;22:04;01:53;;;
ter;03/03/2015;;16:09;21:09;22:12;02:14;;;
qua;04/03/2015;;16:09;20:59;22:01;01:50;;;
qui;05/03/2015;;16:10;20:55;21:58;01:33;;;
sex;06/03/2015;;15:47;21:00;22:00;01:25;;;
sáb;07/03/2015;;;;;;;;
dom;08/03/2015;;;;;;;;
seg;09/03/2015;;16:14;21:09;22:09;02:29;;;
ter;10/03/2015;;16:12;20:54;21:54;01:46;;;
qua;11/03/2015;;15:29;21:07;22:08;01:51;;;
qui;12/03/2015;;16:11;20:54;21:54;01:36;;;
sex;13/03/2015;;;;;;;;
sáb;14/03/2015;;;;;;;;
dom;15/03/2015;;;;;;;;
seg;16/03/2015;;16:09;20:55;21:58;02:31;;;
ter;17/03/2015;;16:11;21:13;22:13;01:52;;;
qua;18/03/2015;;16:00;20:55;21:57;01:48;;;
qui;19/03/2015;;16:10;20:59;22:00;01:57;;;
sex;20/03/2015;;16:08;21:19;22:19;01:36;;;
Soma;;;;;;;;;
sáb;21/03/2015;;;;;;;;
dom;22/03/2015;;;;;;;;
seg;23/03/2015;;16:11;21:28;22:28;01:45;;;
ter;24/03/2015;;;;;;;;
qua;25/03/2015;;16:15;21:02;22:03;01:43;;;
qui;26/03/2015;;16:09;21:20;22:20;01:42;;;
sex;27/03/2015;;16:12;21:06;22:09;01:36;;;
sáb;28/03/2015;;;;;;;;
dom;29/03/2015;;;;;;;;
seg;30/03/2015;;16:09;21:30;22:40;01:55;;;
ter;31/03/2015;;16:10;21:07;22:09;01:38;;;
qua;01/04/2015;;16:18;21:35;22:37;01:45;;;
qui;02/04/2015;;16:15;21:12;22:13;01:37;;;
sex;03/04/2015;;;;;;;;
sáb;04/04/2015;;;;;;;;
dom;05/04/2015;;;;;;;;
seg;06/04/2015;;16:09;21:21;22:21;01:49;;;
ter;07/04/2015;;16:07;20:48;21:49;01:39;;;
qua;08/04/2015;;16:09;21:00;22:00;01:35;;;
qui;09/04/2015;;16:10;21:01;22:02;02:32;;;
sex;10/04/2015;;16:10;21:06;22:09;01:43;;;
sáb;11/04/2015;;;;;;;;
dom;12/04/2015;;;;;;;;
seg;13/04/2015;;16:13;21:10;22:13;02:00;;;
ter;14/04/2015;;16:11;21:10;22:11;01:33;;;
qua;15/04/2015;;16:10;21:36;22:36;01:54;;;
qui;16/04/2015;;16:03;20:56;21:58;01:52;;;
sex;17/04/2015;;16:10;21:05;22:06;02:10;;;
sáb;18/04/2015;;;;;;;;
dom;19/04/2015;;;;;;;;
seg;20/04/2015;;16:10;21:18;22:18;01:55;;;
Soma;;;;;;;;;
ter;21/04/2015;;;;;;;;
qua;22/04/2015;;16:11;20:58;22:00;01:33;;;
qui;23/04/2015;;16:06;20:54;21:59;01:42;;;
sex;24/04/2015;;16:12;22:00;23:00;02:26;;;
sáb;25/04/2015;;;;;;;;
dom;26/04/2015;;;;;;;;
seg;27/04/2015;;16:11;21:01;22:02;01:32;;;
ter;28/04/2015;;16:04;21:09;22:09;02:20;;;
qua;29/04/2015;;16:08;21:00;22:01;01:43;;;
qui;30/04/2015;;16:15;21:27;22:28;01:53;;;
sex;01/05/2015;;;;;;;;
sáb;02/05/2015;;;;;;;;
dom;03/05/2015;;;;;;;;
seg;04/05/2015;;16:07;21:03;22:06;01:40;;;
ter;05/05/2015;;16:10;21:04;22:06;02:01;;;
qua;06/05/2015;;16:14;21:27;22:28;01:40;;;
qui;07/05/2015;;16:14;21:01;22:02;01:55;;;
sex;08/05/2015;;16:11;20:52;21:53;02:11;;;
sáb;09/05/2015;;;;;;;;
dom;10/05/2015;;;;;;;;
seg;11/05/2015;;16:15;21:08;22:10;01:50;;;
ter;12/05/2015;;16:05;21:09;22:12;01:31;;;
qua;13/05/2015;;16:11;20:59;22:01;01:42;;;
qui;14/05/2015;;16:08;20:32;22:19;01:43;;;
sex;15/05/2015;;16:09;21:56;;;;;
sáb;16/05/2015;;;;;;;;
dom;17/05/2015;;;;;;;;
seg;18/05/2015;;15:53;21:24;22:24;01:54;;;
ter;19/05/2015;;15:26;21:27;22:27;01:03;;;
qua;20/05/2015;;16:12;21:19;22:21;01:35;;;
Soma;;;;;;;;;
qui;21/05/2015;;16:07;21:12;22:15;01:42;;;
sex;22/05/2015;;16:10;21:33;22:34;02:25;;;
sáb;23/05/2015;;;;;;;;
dom;24/05/2015;;;;;;;;
seg;25/05/2015;;16:10;21:44;22:45;01:40;;;
ter;26/05/2015;;16:13;21:56;22:56;01:57;;;
qua;27/05/2015;;16:14;20:48;21:48;02:00;;;
qui;28/05/2015;;16:14;21:26;22:27;01:37;;;
sex;29/05/2015;;;;;;;;
sáb;30/05/2015;;;;;;;;
dom;31/05/2015;;;;;;;;
seg;01/06/2015;;16:02;21:11;22:11;02:05;;;
ter;02/06/2015;;15:43;21:15;22:17;01:37;;;
qua;03/06/2015;;15:48;21:19;22:23;01:38;;;
qui;04/06/2015;;;;;;;;
sex;05/06/2015;;16:13;21:16;22:17;01:43;;;
sáb;06/06/2015;;;;;;;;
dom;07/06/2015;;;;;;;;
seg;08/06/2015;;16:09;21:03;22:04;01:41;;;
ter;09/06/2015;;16:06;20:54;21:56;01:56;;;
qua;10/06/2015;;16:10;20:58;21:59;01:50;;;
qui;11/06/2015;;16:13;21:06;22:07;01:39;;;
sex;12/06/2015;;16:11;20:56;21:57;01:55;;;
sáb;13/06/2015;;;;;;;;
dom;14/06/2015;;;;;;;;
seg;15/06/2015;;16:10;21:24;22:24;01:49;;;
ter;16/06/2015;;16:13;20:57;21:59;01:53;;;
qua;17/06/2015;;16:14;21:17;22:18;02:14;;;
qui;18/06/2015;;16:08;21:05;22:14;02:29;;;
sex;19/06/2015;;16:11;21:03;22:06;01:44;;;
sáb;20/06/2015;;;;;;;;
Soma;;;;;;;;;
dom;21/06/2015;;;;;;;;
seg;22/06/2015;;16:10;21:04;22:12;02:27;;;
ter;23/06/2015;;16:10;18:30;;;;;
qua;24/06/2015;;16:10;21:02;22:05;01:57;;;
qui;25/06/2015;;16:10;21:03;22:06;01:42;;;
sex;26/06/2015;;16:11;21:12;22:13;01:51;;;
sáb;27/06/2015;;;;;;;;
dom;28/06/2015;;;;;;;;
seg;29/06/2015;;16:10;20:59;22:04;01:53;;;
ter;30/06/2015;;16:10;20:54;21:56;01:46;;;
qua;01/07/2015;;16:14;21:19;22:19;02:16;;;
qui;02/07/2015;;16:11;21:03;22:04;01:31;;;
sex;03/07/2015;;16:10;21:14;22:14;01:36;;;
sáb;04/07/2015;;;;;;;;
dom;05/07/2015;;;;;;;;
seg;06/07/2015;;16:14;21:29;22:32;02:00;;;
ter;07/07/2015;;16:13;21:02;22:05;01:38;;;
qua;08/07/2015;;16:13;21:10;22:14;01:48;;;
qui;09/07/2015;;16:13;21:01;22:04;01:49;;;
sex;10/07/2015;;16:11;21:09;22:13;02:37;;;
sáb;11/07/2015;;;;;;;;
dom;12/07/2015;;;;;;;;
seg;13/07/2015;;16:11;21:00;22:00;01:44;;;
ter;14/07/2015;;16:10;21:15;22:18;01:38;;;
qua;15/07/2015;;16:14;21:01;22:01;01:31;;;
qui;16/07/2015;;16:11;21:24;22:27;01:31;;;
sex;17/07/2015;;16:12;20:54;21:55;01:31;;;
sáb;18/07/2015;;;;;;;;
dom;19/07/2015;;;;;;;;
seg;20/07/2015;;16:10;21:00;22:05;02:16;;;
Soma;;;;;;;;;
ter;21/07/2015;;15:21;20:57;21:58;01:39;;;
qua;22/07/2015;;16:10;20:55;21:56;01:37;;;
qui;23/07/2015;;16:13;21:17;22:18;01:32;;;
sex;24/07/2015;;15:39;21:14;22:16;02:55;;;
sáb;25/07/2015;;;;;;;;
dom;26/07/2015;;;;;;;;
seg;27/07/2015;;16:10;21:04;22:07;01:36;;;
ter;28/07/2015;;16:09;21:08;22:09;01:38;;;
qua;29/07/2015;;16:08;21:02;22:05;01:31;;;
qui;30/07/2015;;16:10;21:04;22:04;02:02;;;
sex;31/07/2015;;16:11;21:06;22:12;01:45;;;
sáb;01/08/2015;;;;;;;;
dom;02/08/2015;;;;;;;;
seg;03/08/2015;;15:49;21:08;22:16;01:36;;;
ter;04/08/2015;;15:50;21:06;22:08;01:46;;;
qua;05/08/2015;;15:42;21:07;22:09;01:38;;;
qui;06/08/2015;;15:46;21:41;22:45;01:48;;;
sex;07/08/2015;;15:49;20:55;21:58;01:48;;;
sáb;08/08/2015;;;;;;;;
dom;09/08/2015;;;;;;;;
seg;10/08/2015;;15:08;21:08;22:12;01:37;;;
ter;11/08/2015;;15:48;21:07;22:12;01:33;;;
qua;12/08/2015;;15:45;20:51;21:54;01:37;;;
qui;13/08/2015;;15:55;21:00;22:04;01:40;;;
sex;14/08/2015;;15:11;20:55;21:56;00:42;;;
sáb;15/08/2015;;;;;;;;
dom;16/08/2015;;;;;;;;
seg;17/08/2015;;16:10;20:56;22:00;01:51;;;
ter;18/08/2015;;15:24;20:50;21:53;01:25;;;
qua;19/08/2015;;16:11;21:08;22:11;01:35;;;
qui;20/08/2015;;16:11;21:19;22:21;01:36;;;
Soma;;;;;;;;;
sex;21/08/2015;;15:50;21:00;22:00;01:26;;;
sáb;22/08/2015;;;;;;;;
dom;23/08/2015;;;;;;;;
seg;24/08/2015;;14:53;18:05;20:40;01:37;;;
ter;25/08/2015;;15:41;21:14;22:17;01:51;;;
qua;26/08/2015;;15:54;21:13;22:14;02:03;;;
qui;27/08/2015;;15:50;21:22;22:23;01:49;;;
sex;28/08/2015;;15:58;21:15;22:18;02:03;;;
sáb;29/08/2015;;;;;;;;
dom;30/08/2015;;;;;;;;
seg;31/08/2015;;16:11;21:01;22:03;01:39;;;
ter;01/09/2015;;15:25;21:15;22:15;01:21;;;
qua;02/09/2015;;16:09;21:00;22:00;01:45;;;
qui;03/09/2015;;16:12;21:00;22:04;02:27;;;
sex;04/09/2015;;15:48;21:06;22:14;02:20;;;
sáb;05/09/2015;;;;;;;;
dom;06/09/2015;;;;;;;;
seg;07/09/2015;;;;;;;;
ter;08/09/2015;;16:10;20:59;21:59;02:25;;;
qua;09/09/2015;;16:10;21:12;22:13;01:53;;;
qui;10/09/2015;;16:10;20:32;;;;;
sex;11/09/2015;;16:09;21:08;22:11;01:28;;;
sáb;12/09/2015;;;;;;;;
dom;13/09/2015;;;;;;;;
seg;14/09/2015;;16:11;21:14;22:17;01:51;;;
ter;15/09/2015;;16:10;21:03;22:04;01:55;;;
qua;16/09/2015;;16:11;21:01;22:02;01:38;;;
qui;17/09/2015;;16:09;21:22;22:23;02:02;;;
sex;18/09/2015;;16:12;21:12;22:13;01:44;;;
sáb;19/09/2015;;;;;;;;
dom;20/09/2015;;;;;;;;
Soma;;;;;;;;;
seg;21/09/2015;;16:15;21:20;22:20;01:41;;;
ter;22/09/2015;;16:10;21:44;22:45;01:30;;;
qua;23/09/2015;;16:10;21:26;22:26;02:32;;;
qui;24/09/2015;;16:12;21:05;22:08;01:55;;;
sex;25/09/2015;;16:11;21:33;22:34;01:42;;;
sáb;26/09/2015;;;;;;;;
dom;27/09/2015;;;;;;;;
seg;28/09/2015;;16:10;21:16;22:19;01:35;;;
ter;29/09/2015;;16:10;21:02;22:04;01:30;;;
qua;30/09/2015;;16:10;21:01;22:01;02:31;;;
qui;01/10/2015;;16:11;21:02;22:02;01:31;;;
sex;02/10/2015;;18:55;21:15;22:16;02:28;;;
sáb;03/10/2015;;;;;;;;
dom;04/10/2015;;;;;;;;
seg;05/10/2015;;16:11;21:33;22:33;01:32;;;
ter;06/10/2015;;16:11;21:50;22:51;02:16;;;
qua;07/10/2015;;18:58;21:27;22:27;01:55;;;
qui;08/10/2015;;16:10;21:42;22:44;02:22;;;
sex;09/10/2015;;16:09;21:16;22:16;01:33;;;
sáb;10/10/2015;;;;;;;;
dom;11/10/2015;;;;;;;;
seg;12/10/2015;;;;;;;;
ter;13/10/2015;;16:09;21:02;22:05;01:27;;;
qua;14/10/2015;;16:13;21:15;22:15;01:54;;;
qui;15/10/2015;;16:16;21:10;22:17;01:56;;;
sex;16/10/2015;;16:11;21:43;22:46;02:24;;;
sáb;17/10/2015;;;;;;;;
dom;18/10/2015;;;;;;;;
seg;19/10/2015;;14:56;21:20;22:21;01:28;;;
ter;20/10/2015;;14:55;21:00;22:00;01:33;;;
Soma;;;;;;;;;
qua;21/10/2015;;14:56;21:04;22:06;01:42;;;
qui;22/10/2015;;16:13;21:15;22:18;02:35;;;
sex;23/10/2015;;16:11;21:20;22:20;02:30;;;
sáb;24/10/2015;;;;;;;;
dom;25/10/2015;;;;;;;;
seg;26/10/2015;;16:10;21:28;22:28;02:05;;;
ter;27/10/2015;;16:13;21:02;22:08;01:35;;;
qua;28/10/2015;;16:12;21:35;22:35;01:36;;;
qui;29/10/2015;;15:56;21:05;22:05;01:35;;;
sex;30/10/2015;;;;;;;;
sáb;31/10/2015;;;;;;;;
dom;01/11/2015;;;;;;;;
seg;02/11/2015;;;;;;;;
ter;03/11/2015;;16:11;21:19;22:19;01:52;;;
qua;04/11/2015;;16:04;21:01;22:01;01:30;;;
qui;05/11/2015;;14:59;21:36;22:36;01:46;;;
sex;06/11/2015;;16:06;21:30;22:32;01:36;;;
sáb;07/11/2015;;;;;;;;
dom;08/11/2015;;;;;;;;
seg;09/11/2015;;16:08;21:14;22:18;01:45;;;
ter;10/11/2015;;16:10;21:00;22:00;01:45;;;
qua;11/11/2015;;16:10;21:00;22:01;01:27;;;
qui;12/11/2015;;14:58;21:02;22:10;01:42;;;
sex;13/11/2015;;16:11;20:52;21:52;01:51;;;
sáb;14/11/2015;;;;;;;;
dom;15/11/2015;;;;;;;;
seg;16/11/2015;;16:09;20:59;21:59;01:55;;;
ter;17/11/2015;;16:10;20:55;21:56;01:36;;;
qua;18/11/2015;;16:11;20:56;21:56;01:40;;;
qui;19/11/2015;;16:12;21:01;22:01;01:51;;;
sex;20/11/2015;;16:11;21:05;22:06;03:26;;;
Soma;;;;;;;;;
sáb;21/11/2015;;;;;;;;
dom;22/11/2015;;;;;;;;
seg;23/11/2015;;16:10;21:55;22:55;01:37;;;
ter;24/11/2015;;16:10;21:08;22:10;01:34;;;
qua;25/11/2015;;16:10;20:49;21:49;01:40;;;
qui;26/11/2015;;15:57;20:55;21:55;01:46;;;
sex;27/11/2015;;18:31;20:50;21:52;01:29;;;
sáb;28/11/2015;;;;;;;;
dom;29/11/2015;;;;;;;;
seg;30/11/2015;;15:45;21:00;22:00;01:35;;;
ter;01/12/2015;;16:13;21:12;22:12;01:51;;;
qua;02/12/2015;;16:12;22:19;23:25;01:52;;;
qui;03/12/2015;;16:11;22:40;23:46;03:13;;;
sex;04/12/2015;;16:09;21:31;22:31;01:32;;;
sáb;05/12/2015;;;;;;;;
dom;06/12/2015;;;;;;;;
seg;07/12/2015;;16:11;21:19;22:21;01:59;;;
ter;08/12/2015;;16:12;20:53;21:56;01:35;;;
qua;09/12/2015;;16:15;21:19;22:20;01:32;;;
qui;10/12/2015;;16:06;21:02;22:03;01:43;;;
sex;11/12/2015;;16:11;21:03;22:05;01:42;;;
sáb;12/12/2015;;;;;;;;
dom;13/12/2015;;;;;;;;
seg;14/12/2015;;16:12;20:59;22:00;01:47;;;
ter;15/12/2015;;16:11;20:54;21:54;01:36;;;
qua;16/12/2015;;16:10;20:56;21:56;01:40;;;
qui;17/12/2015;;16:11;20:55;21:56;01:33;;;
sex;18/12/2015;;16:11;20:56;21:56;01:37;;;
sáb;19/12/2015;;10:05;15:13;;;;;
dom;20/12/2015;;;;;;;;
Soma;;;;;;;;;
seg;21/12/2015;;16:09;21:12;22:15;01:45;;;
ter;22/12/2015;;14:56;22:44;23:49;02:42;;;
qua;23/12/2015;;16:10;20:51;21:56;01:50;;;
qui;24/12/2015;;;;;;;;
sex;25/12/2015;;;;;;;;
sáb;26/12/2015;;;;;;;;
dom;27/12/2015;;;;;;;;
seg;28/12/2015;;16:11;21:02;22:03;02:06;;;
ter;29/12/2015;;16:09;20:32;21:34;01:36;;;
qua;30/12/2015;;15:52;20:51;21:58;02:51;;;
qui;31/12/2015;;;;;;;;
sex;01/01/2016;;;;;;;;
sáb;02/01/2016;;;;;;;;
dom;03/01/2016;;;;;;;;
seg;04/01/2016;;16:10;21:06;22:09;01:33;;;
ter;05/01/2016;;16:11;21:08;22:09;01:50;;;
qua;06/01/2016;;16:10;20:50;21:51;01:50;;;
qui;07/01/2016;;16:11;21:07;22:08;01:55;;;
sex;08/01/2016;;16:11;21:17;22:20;02:05;;;
sáb;09/01/2016;;;;;;;;
dom;10/01/2016;;;;;;;;
seg;11/01/2016;;16:13;21:10;22:12;01:41;;;
ter;12/01/2016;;16:12;21:00;22:00;01:40;;;
qua;13/01/2016;;16:11;21:05;22:09;02:00;;;
qui;14/01/2016;;16:11;20:51;21:56;01:41;;;
sex;15/01/2016;;16:12;21:54;22:54;01:34;;;
sáb;16/01/2016;;;;;;;;
dom;17/01/2016;;;;;;;;
seg;18/01/2016;;;;;;;;
ter;19/01/2016;;;;;;;;
qua;20/01/2016;;;;;;;;
Soma;;;;;;;;;
qui;21/01/2016;;;;;;;;
sex;22/01/2016;;;;;;;;
sáb;23/01/2016;;;;;;;;
dom;24/01/2016;;;;;;;;
seg;25/01/2016;;;;;;;;
ter;26/01/2016;;;;;;;;
qua;27/01/2016;;;;;;;;
qui;28/01/2016;;;;;;;;
sex;29/01/2016;;;;;;;;
sáb;30/01/2016;;;;;;;;
dom;31/01/2016;;;;;;;;
seg;01/02/2016;;;;;;;;
ter;02/02/2016;;;;;;;;
qua;03/02/2016;;;;;;;;
qui;04/02/2016;;;;;;;;
sex;05/02/2016;;;;;;;;
sáb;06/02/2016;;;;;;;;
dom;07/02/2016;;;;;;;;
seg;08/02/2016;;;;;;;;
ter;09/02/2016;;;;;;;;
qua;10/02/2016;;;;;;;;
qui;11/02/2016;;;;;;;;
sex;12/02/2016;;;;;;;;
sáb;13/02/2016;;;;;;;;
dom;14/02/2016;;;;;;;;
seg;15/02/2016;;;;;;;;
ter;16/02/2016;;;;;;;;
qua;17/02/2016;;;;;;;;
qui;18/02/2016;;05:29;11:21;12:21;15:25;;;
sex;19/02/2016;;05:27;11:21;12:23;15:20;;;
sáb;20/02/2016;;;;;;;;
Soma;;;;;;;;;
dom;21/02/2016;;;;;;;;
seg;22/02/2016;;05:28;11:21;12:26;15:23;;;
ter;23/02/2016;;05:27;11:25;12:27;15:20;;;
qua;24/02/2016;;05:28;11:52;12:54;15:21;;;
qui;25/02/2016;;05:29;11:26;12:31;15:22;;;
sex;26/02/2016;;05:32;11:27;12:32;15:32;;;
sáb;27/02/2016;;;;;;;;
dom;28/02/2016;;;;;;;;
seg;29/02/2016;;05:13;10:43;11:43;15:18;;;
ter;01/03/2016;;05:13;10:43;11:43;15:28;;;
qua;02/03/2016;;05:19;10:42;11:43;15:19;;;
qui;03/03/2016;;05:13;10:41;11:42;15:20;;;
sex;04/03/2016;;05:10;10:43;11:43;15:18;;;
sáb;05/03/2016;;;;;;;;
dom;06/03/2016;;;;;;;;
seg;07/03/2016;;05:11;10:40;11:40;15:20;;;
ter;08/03/2016;;05:11;10:44;11:49;15:20;;;
qua;09/03/2016;;05:12;10:40;11:43;15:32;;;
qui;10/03/2016;;05:14;10:43;11:43;15:20;;;
sex;11/03/2016;;05:13;10:42;11:45;15:20;;;
sáb;12/03/2016;;;;;;;;
dom;13/03/2016;;;;;;;;
seg;14/03/2016;;05:13;11:12;12:13;15:19;;;
ter;15/03/2016;;05:13;11:15;12:15;15:21;;;
qua;16/03/2016;;05:13;11:47;12:53;15:20;;;
qui;17/03/2016;;05:11;11:59;13:01;15:22;;;
sex;18/03/2016;;05:16;11:11;12:11;15:24;;;
sáb;19/03/2016;;;;;;;;
dom;20/03/2016;;;;;;;;
Soma;;;;;;;;;
seg;21/03/2016;;05:16;11:43;12:46;15:20;;;
ter;22/03/2016;;05:21;11:25;12:29;15:20;;;
qua;23/03/2016;;05:18;11:22;12:22;15:19;;;
qui;24/03/2016;;;;;;;;
sex;25/03/2016;;;;;;;;
sáb;26/03/2016;;;;;;;;
dom;27/03/2016;;;;;;;;
seg;28/03/2016;;05:11;10:55;11:55;15:21;;;
ter;29/03/2016;;05:13;10:46;11:47;15:18;;;
qua;30/03/2016;;05:18;10:47;11:48;15:20;;;
qui;31/03/2016;;05:10;10:51;11:52;15:18;;;
sex;01/04/2016;;05:11;10:59;11:59;15:21;;;
sáb;02/04/2016;;;;;;;;
dom;03/04/2016;;;;;;;;
seg;04/04/2016;;05:11;10:42;11:50;15:19;;;
ter;05/04/2016;;05:14;10:40;11:44;15:24;;;
qua;06/04/2016;;05:10;10:25;11:26;15:21;;;
qui;07/04/2016;;05:09;10:34;11:34;15:19;;;
sex;08/04/2016;;05:11;10:42;11:42;15:20;;;
sáb;09/04/2016;;;;;;;;
dom;10/04/2016;;;;;;;;
seg;11/04/2016;;05:13;10:34;11:34;15:22;;;
ter;12/04/2016;;05:12;10:49;11:49;15:24;;;
qua;13/04/2016;;05:12;10:34;11:35;15:20;;;
qui;14/04/2016;;05:17;07:58;;;;;
sex;15/04/2016;;05:10;10:48;11:50;15:19;;;
sáb;16/04/2016;;;;;;;;
dom;17/04/2016;;;;;;;;
seg;18/04/2016;;05:31;10:39;11:40;15:19;;;
ter;19/04/2016;;05:23;10:42;11:43;15:26;;;
qua;20/04/2016;;05:24;10:38;11:39;15:20;;;
Soma;;;;;;;;;
qui;21/04/2016;;05:11;10:45;11:48;15:18;;;
sex;22/04/2016;;;;;;;;
sáb;23/04/2016;;;;;;;;
dom;24/04/2016;;;;;;;;
seg;25/04/2016;;05:14;10:40;11:41;15:25;;;
ter;26/04/2016;;05:21;10:33;11:37;16:10;;;
qua;27/04/2016;;05:28;10:40;11:46;15:21;;;
qui;28/04/2016;;05:23;10:37;11:39;15:20;;;
sex;29/04/2016;;05:20;10:46;11:52;15:19;;;
sáb;30/04/2016;;;;;;;;
dom;01/05/2016;;;;;;;;
seg;02/05/2016;;05:20;10:46;11:46;15:26;;;
ter;03/05/2016;;05:20;10:47;11:47;15:25;;;
qua;04/05/2016;;05:23;11:05;12:05;15:19;;;
qui;05/05/2016;;05:24;11:47;12:52;15:25;;;
sex;06/05/2016;;05:15;10:19;11:22;15:23;;;
sáb;07/05/2016;;;;;;;;
dom;08/05/2016;;;;;;;;
seg;09/05/2016;;05:19;10:30;11:30;15:20;;;
ter;10/05/2016;;05:16;11:05;12:09;15:22;;;
qua;11/05/2016;;05:12;11:17;12:18;15:21;;;
qui;12/05/2016;;05:18;11:07;12:11;15:26;;;
sex;13/05/2016;;05:17;11:22;12:25;15:22;;;
sáb;14/05/2016;;;;;;;;
dom;15/05/2016;;;;;;;;
seg;16/05/2016;;05:11;11:12;12:17;15:14;;;
ter;17/05/2016;;05:18;10:33;11:39;14:31;;;
qua;18/05/2016;;06:12;10:12;11:13;16:15;;;
qui;19/05/2016;;05:21;10:24;11:24;15:30;;;
Soma;;;;;;;;;